RTC End Time Stamp,Zone Name,Zone PTID,RTC Zonal LBMP,RTC Zonal Losses,RTC Zonal Congestion,RTC Zonal Price Version
3/1/2024 0:15,CAPITL,61757,30,1.01,0,1
3/1/2024 0:15,CENTRL,61754,28.52,-0.46,0,1
3/1/2024 0:15,DUNWOD,61760,30.49,1.51,0,1
3/1/2024 0:15,GENESE,61753,27.33,-1.65,0,1
3/1/2024 0:15,HUD VL,61758,30.37,1.39,0,1
3/1/2024 0:15,LONGIL,61762,30.86,1.88,0,1
3/1/2024 0:15,MHK VL,61756,29.82,0.84,0,1
3/1/2024 0:15,MILLWD,61759,30.43,1.45,0,1
3/1/2024 0:15,N.Y.C.,61761,30.49,1.51,0,1
3/1/2024 0:15,NORTH,61755,29.59,0.61,0,1
3/1/2024 0:15,WEST,61752,26.92,-2.06,0,1
3/1/2024 0:30,CAPITL,61757,28.31,0.96,0,1
3/1/2024 0:30,CENTRL,61754,27.03,-0.33,0,1
3/1/2024 0:30,DUNWOD,61760,28.72,1.37,0,1
3/1/2024 0:30,GENESE,61753,26.01,-1.34,0,1
3/1/2024 0:30,HUD VL,61758,28.64,1.29,0,1
3/1/2024 0:30,LONGIL,61762,29.05,1.7,0,1
3/1/2024 0:30,MHK VL,61756,28.17,0.82,0,1
3/1/2024 0:30,MILLWD,61759,28.69,1.34,0,1
3/1/2024 0:30,N.Y.C.,61761,28.75,1.39,0,1
3/1/2024 0:30,NORTH,61755,27.93,0.58,0,1
3/1/2024 0:30,WEST,61752,25.79,-1.56,0,1
3/1/2024 0:45,CAPITL,61757,27.73,1.01,0,1
3/1/2024 0:45,CENTRL,61754,26.26,-0.45,0,1
3/1/2024 0:45,DUNWOD,61760,28.08,1.36,0,1
3/1/2024 0:45,GENESE,61753,25.46,-1.26,0,1
3/1/2024 0:45,HUD VL,61758,27.97,1.26,0,1
3/1/2024 0:45,LONGIL,61762,28.37,1.66,0,1
3/1/2024 0:45,MHK VL,61756,27.46,0.75,0,1
3/1/2024 0:45,MILLWD,61759,28.02,1.31,0,1
3/1/2024 0:45,N.Y.C.,61761,28.08,1.36,0,1
3/1/2024 0:45,NORTH,61755,27.22,0.51,0,1
3/1/2024 0:45,WEST,61752,25.25,-1.47,0,1
3/1/2024 1:00,CAPITL,61757,31.13,0.97,0,1
3/1/2024 1:00,CENTRL,61754,29.44,-0.72,0,1
3/1/2024 1:00,DUNWOD,61760,31.49,1.33,0,1
3/1/2024 1:00,GENESE,61753,28.24,-1.93,0,1
3/1/2024 1:00,HUD VL,61758,31.38,1.21,0,1
3/1/2024 1:00,LONGIL,61762,31.8,1.63,0,1
3/1/2024 1:00,MHK VL,61756,30.95,0.78,0,1
3/1/2024 1:00,MILLWD,61759,31.43,1.27,0,1
3/1/2024 1:00,N.Y.C.,61761,31.46,1.3,0,1
3/1/2024 1:00,NORTH,61755,31.13,0.97,0,1
3/1/2024 1:00,WEST,61752,27.78,-2.38,0,1
3/1/2024 1:15,CAPITL,61757,30.34,0.88,0,1
3/1/2024 1:15,CENTRL,61754,28.87,-0.59,0,1
3/1/2024 1:15,DUNWOD,61760,30.75,1.29,0,1
3/1/2024 1:15,GENESE,61753,27.75,-1.71,0,1
3/1/2024 1:15,HUD VL,61758,30.66,1.21,0,1
3/1/2024 1:15,LONGIL,61762,31.01,1.56,0,1
3/1/2024 1:15,MHK VL,61756,30.28,0.82,0,1
3/1/2024 1:15,MILLWD,61759,30.69,1.24,0,1
3/1/2024 1:15,N.Y.C.,61761,30.75,1.29,0,1
3/1/2024 1:15,NORTH,61755,30.4,0.94,0,1
3/1/2024 1:15,WEST,61752,27.42,-2.03,0,1
3/1/2024 1:30,CAPITL,61757,28.03,0.76,0,1
3/1/2024 1:30,CENTRL,61754,26.97,-0.3,0,1
3/1/2024 1:30,DUNWOD,61760,28.36,1.09,0,1
3/1/2024 1:30,GENESE,61753,26.04,-1.23,0,1
3/1/2024 1:30,HUD VL,61758,28.28,1.01,0,1
3/1/2024 1:30,LONGIL,61762,28.6,1.34,0,1
3/1/2024 1:30,MHK VL,61756,28.08,0.82,0,1
3/1/2024 1:30,MILLWD,61759,28.33,1.06,0,1
3/1/2024 1:30,N.Y.C.,61761,28.36,1.09,0,1
3/1/2024 1:30,NORTH,61755,28.08,0.82,0,1
3/1/2024 1:30,WEST,61752,25.93,-1.34,0,1
3/1/2024 1:45,CAPITL,61757,30.55,0.95,0,1
3/1/2024 1:45,CENTRL,61754,29.19,-0.41,0,1
3/1/2024 1:45,DUNWOD,61760,30.88,1.27,0,1
3/1/2024 1:45,GENESE,61753,28.1,-1.51,0,1
3/1/2024 1:45,HUD VL,61758,30.82,1.21,0,1
3/1/2024 1:45,LONGIL,61762,31.14,1.54,0,1
3/1/2024 1:45,MHK VL,61756,30.52,0.92,0,1
3/1/2024 1:45,MILLWD,61759,30.85,1.24,0,1
3/1/2024 1:45,N.Y.C.,61761,30.91,1.3,0,1
3/1/2024 1:45,NORTH,61755,30.31,0.71,0,1
3/1/2024 1:45,WEST,61752,27.8,-1.81,0,1
3/1/2024 2:00,CAPITL,61757,34.66,1.17,0,1
3/1/2024 2:00,CENTRL,61754,32.75,-0.74,0,1
3/1/2024 2:00,DUNWOD,61760,35.06,1.57,0,1
3/1/2024 2:00,GENESE,61753,31.38,-2.11,0,1
3/1/2024 2:00,HUD VL,61758,34.96,1.47,0,1
3/1/2024 2:00,LONGIL,61762,35.22,1.74,0,1
3/1/2024 2:00,MHK VL,61756,34.49,1,0,1
3/1/2024 2:00,MILLWD,61759,34.99,1.51,0,1
3/1/2024 2:00,N.Y.C.,61761,35.06,1.57,0,1
3/1/2024 2:00,NORTH,61755,34.25,0.77,0,1
3/1/2024 2:00,WEST,61752,30.87,-2.61,0,1
3/1/2024 2:15,CAPITL,61757,34.42,1.16,0,1
3/1/2024 2:15,CENTRL,61754,32.63,-0.63,0,1
3/1/2024 2:15,DUNWOD,61760,34.65,1.4,0,1
3/1/2024 2:15,GENESE,61753,31.3,-1.96,0,1
3/1/2024 2:15,HUD VL,61758,34.59,1.33,0,1
3/1/2024 2:15,LONGIL,61762,34.72,1.46,0,1
3/1/2024 2:15,MHK VL,61756,34.25,1,0,1
3/1/2024 2:15,MILLWD,61759,34.62,1.36,0,1
3/1/2024 2:15,N.Y.C.,61761,34.65,1.4,0,1
3/1/2024 2:15,NORTH,61755,34.05,0.8,0,1
3/1/2024 2:15,WEST,61752,30.93,-2.33,0,1
3/1/2024 2:30,CAPITL,61757,33.43,1.13,0,1
3/1/2024 2:30,CENTRL,61754,31.75,-0.55,0,1
3/1/2024 2:30,DUNWOD,61760,33.66,1.36,0,1
3/1/2024 2:30,GENESE,61753,30.46,-1.84,0,1
3/1/2024 2:30,HUD VL,61758,33.6,1.29,0,1
3/1/2024 2:30,LONGIL,61762,33.82,1.52,0,1
3/1/2024 2:30,MHK VL,61756,33.27,0.97,0,1
3/1/2024 2:30,MILLWD,61759,33.63,1.32,0,1
3/1/2024 2:30,N.Y.C.,61761,33.66,1.36,0,1
3/1/2024 2:30,NORTH,61755,33.08,0.77,0,1
3/1/2024 2:30,WEST,61752,30.14,-2.16,0,1
3/1/2024 2:45,CAPITL,61757,33.3,1.13,0,1
3/1/2024 2:45,CENTRL,61754,31.6,-0.58,0,1
3/1/2024 2:45,DUNWOD,61760,33.59,1.41,0,1
3/1/2024 2:45,GENESE,61753,30.35,-1.83,0,1
3/1/2024 2:45,HUD VL,61758,33.5,1.32,0,1
3/1/2024 2:45,LONGIL,61762,33.79,1.61,0,1
3/1/2024 2:45,MHK VL,61756,33.18,1,0,1
3/1/2024 2:45,MILLWD,61759,33.56,1.38,0,1
3/1/2024 2:45,N.Y.C.,61761,33.59,1.41,0,1
3/1/2024 2:45,NORTH,61755,32.89,0.71,0,1
3/1/2024 2:45,WEST,61752,30.05,-2.12,0,1
3/1/2024 3:00,CAPITL,61757,31.84,1.1,0,1
3/1/2024 3:00,CENTRL,61754,30.15,-0.58,0,1
3/1/2024 3:00,DUNWOD,61760,32.09,1.35,0,1
3/1/2024 3:00,GENESE,61753,29.02,-1.72,0,1
3/1/2024 3:00,HUD VL,61758,32.03,1.29,0,1
3/1/2024 3:00,LONGIL,61762,32.24,1.51,0,1
3/1/2024 3:00,MHK VL,61756,31.6,0.86,0,1
3/1/2024 3:00,MILLWD,61759,32.06,1.32,0,1
3/1/2024 3:00,N.Y.C.,61761,32.09,1.35,0,1
3/1/2024 3:00,NORTH,61755,31.38,0.65,0,1
3/1/2024 3:00,WEST,61752,28.71,-2.03,0,1
3/1/2024 3:15,CAPITL,61757,31.34,1.09,0,1
3/1/2024 3:15,CENTRL,61754,29.7,-0.54,0,1
3/1/2024 3:15,DUNWOD,61760,31.58,1.33,0,1
3/1/2024 3:15,GENESE,61753,28.55,-1.69,0,1
3/1/2024 3:15,HUD VL,61758,31.52,1.27,0,1
3/1/2024 3:15,LONGIL,61762,31.76,1.51,0,1
3/1/2024 3:15,MHK VL,61756,31.06,0.82,0,1
3/1/2024 3:15,MILLWD,61759,31.55,1.3,0,1
3/1/2024 3:15,N.Y.C.,61761,31.58,1.33,0,1
3/1/2024 3:15,NORTH,61755,30.85,0.6,0,1
3/1/2024 3:15,WEST,61752,28.28,-1.97,0,1
3/1/2024 3:30,CAPITL,61757,32.39,1.16,0,1
3/1/2024 3:30,CENTRL,61754,30.73,-0.5,0,1
3/1/2024 3:30,DUNWOD,61760,32.57,1.34,0,1
3/1/2024 3:30,GENESE,61753,29.51,-1.72,0,1
3/1/2024 3:30,HUD VL,61758,32.51,1.28,0,1
3/1/2024 3:30,LONGIL,61762,32.7,1.47,0,1
3/1/2024 3:30,MHK VL,61756,32.14,0.91,0,1
3/1/2024 3:30,MILLWD,61759,32.54,1.31,0,1
3/1/2024 3:30,N.Y.C.,61761,32.57,1.34,0,1
3/1/2024 3:30,NORTH,61755,31.76,0.53,0,1
3/1/2024 3:30,WEST,61752,29.26,-1.97,0,1
3/1/2024 3:45,CAPITL,61757,33.35,1.22,0,1
3/1/2024 3:45,CENTRL,61754,31.45,-0.68,0,1
3/1/2024 3:45,DUNWOD,61760,33.54,1.41,0,1
3/1/2024 3:45,GENESE,61753,30.33,-1.8,0,1
3/1/2024 3:45,HUD VL,61758,33.48,1.35,0,1
3/1/2024 3:45,LONGIL,61762,33.64,1.51,0,1
3/1/2024 3:45,MHK VL,61756,33.03,0.9,0,1
3/1/2024 3:45,MILLWD,61759,33.51,1.38,0,1
3/1/2024 3:45,N.Y.C.,61761,33.54,1.41,0,1
3/1/2024 3:45,NORTH,61755,32.71,0.58,0,1
3/1/2024 3:45,WEST,61752,30.04,-2.09,0,1
3/1/2024 4:00,CAPITL,61757,35.59,1.33,0,1
3/1/2024 4:00,CENTRL,61754,33.68,-0.58,0,1
3/1/2024 4:00,DUNWOD,61760,35.77,1.51,0,1
3/1/2024 4:00,GENESE,61753,32.51,-1.75,0,1
3/1/2024 4:00,HUD VL,61758,35.7,1.44,0,1
3/1/2024 4:00,LONGIL,61762,35.84,1.58,0,1
3/1/2024 4:00,MHK VL,61756,35.25,0.99,0,1
3/1/2024 4:00,MILLWD,61759,35.73,1.47,0,1
3/1/2024 4:00,N.Y.C.,61761,35.73,1.47,0,1
3/1/2024 4:00,NORTH,61755,34.7,0.44,0,1
3/1/2024 4:00,WEST,61752,32.24,-2.02,0,1
3/1/2024 4:15,CAPITL,61757,38.77,1.53,0,1
3/1/2024 4:15,CENTRL,61754,36.39,-0.86,0,1
3/1/2024 4:15,DUNWOD,61760,38.88,1.64,0,1
3/1/2024 4:15,GENESE,61753,35.3,-1.94,0,1
3/1/2024 4:15,HUD VL,61758,38.84,1.6,0,1
3/1/2024 4:15,LONGIL,61762,38.88,1.64,0,1
3/1/2024 4:15,MHK VL,61756,38.32,1.08,0,1
3/1/2024 4:15,MILLWD,61759,38.84,1.6,0,1
3/1/2024 4:15,N.Y.C.,61761,38.88,1.64,0,1
3/1/2024 4:15,NORTH,61755,37.84,0.59,0,1
3/1/2024 4:15,WEST,61752,34.93,-2.31,0,1
3/1/2024 4:30,CAPITL,61757,41.35,1.55,0,1
3/1/2024 4:30,CENTRL,61754,39.05,-0.76,0,1
3/1/2024 4:30,DUNWOD,61760,41.51,1.71,0,1
3/1/2024 4:30,GENESE,61753,37.65,-2.15,0,1
3/1/2024 4:30,HUD VL,61758,41.47,1.67,0,1
3/1/2024 4:30,LONGIL,61762,41.47,1.67,0,1
3/1/2024 4:30,MHK VL,61756,41.04,1.24,0,1
3/1/2024 4:30,MILLWD,61759,41.47,1.67,0,1
3/1/2024 4:30,N.Y.C.,61761,41.43,1.63,0,1
3/1/2024 4:30,NORTH,61755,40.48,0.68,0,1
3/1/2024 4:30,WEST,61752,37.17,-2.63,0,1
3/1/2024 4:45,CAPITL,61757,45.22,1.7,0,1
3/1/2024 4:45,CENTRL,61754,42.69,-0.83,0,1
3/1/2024 4:45,DUNWOD,61760,45.35,1.83,0,1
3/1/2024 4:45,GENESE,61753,40.86,-2.66,0,1
3/1/2024 4:45,HUD VL,61758,45.35,1.83,0,1
3/1/2024 4:45,LONGIL,61762,45.3,1.78,0,1
3/1/2024 4:45,MHK VL,61756,44.87,1.35,0,1
3/1/2024 4:45,MILLWD,61759,45.35,1.83,0,1
3/1/2024 4:45,N.Y.C.,61761,45.3,1.78,0,1
3/1/2024 4:45,NORTH,61755,44.39,0.87,0,1
3/1/2024 4:45,WEST,61752,40.17,-3.35,0,1
3/1/2024 5:00,CAPITL,61757,38.81,1.53,0,1
3/1/2024 5:00,CENTRL,61754,36.8,-0.49,0,1
3/1/2024 5:00,DUNWOD,61760,39.07,1.79,0,1
3/1/2024 5:00,GENESE,61753,35.42,-1.86,0,1
3/1/2024 5:00,HUD VL,61758,39.03,1.75,0,1
3/1/2024 5:00,LONGIL,61762,38.96,1.68,0,1
3/1/2024 5:00,MHK VL,61756,38.55,1.27,0,1
3/1/2024 5:00,MILLWD,61759,39.03,1.75,0,1
3/1/2024 5:00,N.Y.C.,61761,39.03,1.75,0,1
3/1/2024 5:00,NORTH,61755,37.8,0.52,0,1
3/1/2024 5:00,WEST,61752,35.05,-2.24,0,1
3/1/2024 5:15,CAPITL,61757,38.93,1.57,0,1
3/1/2024 5:15,CENTRL,61754,36.8,-0.56,0,1
3/1/2024 5:15,DUNWOD,61760,39.19,1.83,0,1
3/1/2024 5:15,GENESE,61753,35.42,-1.94,0,1
3/1/2024 5:15,HUD VL,61758,39.16,1.79,0,1
3/1/2024 5:15,LONGIL,61762,39.16,1.79,0,1
3/1/2024 5:15,MHK VL,61756,38.59,1.23,0,1
3/1/2024 5:15,MILLWD,61759,39.16,1.79,0,1
3/1/2024 5:15,N.Y.C.,61761,39.19,1.83,0,1
3/1/2024 5:15,NORTH,61755,37.96,0.6,0,1
3/1/2024 5:15,WEST,61752,34.97,-2.39,0,1
3/1/2024 5:30,CAPITL,61757,43.12,1.7,0,1
3/1/2024 5:30,CENTRL,61754,40.75,-0.66,0,1
3/1/2024 5:30,DUNWOD,61760,43.49,2.07,0,1
3/1/2024 5:30,GENESE,61753,39.14,-2.28,0,1
3/1/2024 5:30,HUD VL,61758,43.45,2.03,0,1
3/1/2024 5:30,LONGIL,61762,43.45,2.03,0,1
3/1/2024 5:30,MHK VL,61756,42.87,1.45,0,1
3/1/2024 5:30,MILLWD,61759,43.49,2.07,0,1
3/1/2024 5:30,N.Y.C.,61761,43.53,2.11,0,1
3/1/2024 5:30,NORTH,61755,42.08,0.66,0,1
3/1/2024 5:30,WEST,61752,38.6,-2.82,0,1
3/1/2024 5:45,CAPITL,61757,44.14,1.82,0,1
3/1/2024 5:45,CENTRL,61754,41.51,-0.81,0,1
3/1/2024 5:45,DUNWOD,61760,44.56,2.24,0,1
3/1/2024 5:45,GENESE,61753,39.86,-2.46,0,1
3/1/2024 5:45,HUD VL,61758,44.47,2.16,0,1
3/1/2024 5:45,LONGIL,61762,44.56,2.24,0,1
3/1/2024 5:45,MHK VL,61756,43.8,1.48,0,1
3/1/2024 5:45,MILLWD,61759,44.52,2.2,0,1
3/1/2024 5:45,N.Y.C.,61761,44.6,2.28,0,1
3/1/2024 5:45,NORTH,61755,42.95,0.64,0,1
3/1/2024 5:45,WEST,61752,39.19,-3.13,0,1
3/1/2024 6:00,CAPITL,61757,39.01,1.89,0,1
3/1/2024 6:00,CENTRL,61754,36.6,-0.52,0,1
3/1/2024 6:00,DUNWOD,61760,39.8,2.67,0,1
3/1/2024 6:00,GENESE,61753,34.86,-2.27,0,1
3/1/2024 6:00,HUD VL,61758,39.57,2.45,0,1
3/1/2024 6:00,LONGIL,61762,39.83,2.71,0,1
3/1/2024 6:00,MHK VL,61756,38.57,1.45,0,1
3/1/2024 6:00,MILLWD,61759,39.72,2.6,0,1
3/1/2024 6:00,N.Y.C.,61761,39.91,2.79,0,1
3/1/2024 6:00,NORTH,61755,37.2,0.07,0,1
3/1/2024 6:00,WEST,61752,34.15,-2.97,0,1
3/1/2024 6:15,CAPITL,61757,41.19,1.92,0,1
3/1/2024 6:15,CENTRL,61754,38.75,-0.51,0,1
3/1/2024 6:15,DUNWOD,61760,41.9,2.63,0,1
3/1/2024 6:15,GENESE,61753,36.59,-2.67,0,1
3/1/2024 6:15,HUD VL,61758,41.7,2.44,0,1
3/1/2024 6:15,LONGIL,61762,41.97,2.71,0,1
3/1/2024 6:15,MHK VL,61756,40.84,1.57,0,1
3/1/2024 6:15,MILLWD,61759,41.82,2.55,0,1
3/1/2024 6:15,N.Y.C.,61761,42.01,2.75,0,1
3/1/2024 6:15,NORTH,61755,39.58,0.31,0,1
3/1/2024 6:15,WEST,61752,35.69,-3.57,0,1
3/1/2024 6:30,CAPITL,61757,39.47,1.88,0,1
3/1/2024 6:30,CENTRL,61754,37.18,-0.41,0,1
3/1/2024 6:30,DUNWOD,61760,40.18,2.59,0,1
3/1/2024 6:30,GENESE,61753,35.15,-2.44,0,1
3/1/2024 6:30,HUD VL,61758,40,2.41,0,1
3/1/2024 6:30,LONGIL,61762,40.3,2.71,0,1
3/1/2024 6:30,MHK VL,61756,39.17,1.58,0,1
3/1/2024 6:30,MILLWD,61759,40.11,2.52,0,1
3/1/2024 6:30,N.Y.C.,61761,40.33,2.74,0,1
3/1/2024 6:30,NORTH,61755,37.93,0.34,0,1
3/1/2024 6:30,WEST,61752,34.36,-3.23,0,1
3/1/2024 6:45,CAPITL,61757,38.9,1.82,0,1
3/1/2024 6:45,CENTRL,61754,36.71,-0.37,0,1
3/1/2024 6:45,DUNWOD,61760,39.6,2.52,0,1
3/1/2024 6:45,GENESE,61753,34.93,-2.15,0,1
3/1/2024 6:45,HUD VL,61758,39.42,2.34,0,1
3/1/2024 6:45,LONGIL,61762,39.64,2.56,0,1
3/1/2024 6:45,MHK VL,61756,38.6,1.52,0,1
3/1/2024 6:45,MILLWD,61759,39.56,2.48,0,1
3/1/2024 6:45,N.Y.C.,61761,39.75,2.67,0,1
3/1/2024 6:45,NORTH,61755,37.45,0.37,0,1
3/1/2024 6:45,WEST,61752,34.26,-2.82,0,1
3/1/2024 7:00,CAPITL,61757,47.03,2.24,0,1
3/1/2024 7:00,CENTRL,61754,44.34,-0.45,0,1
3/1/2024 7:00,DUNWOD,61760,48.1,3.31,0,1
3/1/2024 7:00,GENESE,61753,42.1,-2.69,0,1
3/1/2024 7:00,HUD VL,61758,47.79,3,0,1
3/1/2024 7:00,LONGIL,61762,48.19,3.4,0,1
3/1/2024 7:00,MHK VL,61756,46.67,1.88,0,1
3/1/2024 7:00,MILLWD,61759,48.02,3.23,0,1
3/1/2024 7:00,N.Y.C.,61761,48.29,3.5,0,1
3/1/2024 7:00,NORTH,61755,45.19,0.4,0,1
3/1/2024 7:00,WEST,61752,41.16,-3.63,0,1
3/1/2024 7:15,CAPITL,61757,42.86,2,0,1
3/1/2024 7:15,CENTRL,61754,40.53,-0.33,0,1
3/1/2024 7:15,DUNWOD,61760,43.88,3.02,0,1
3/1/2024 7:15,GENESE,61753,38.49,-2.37,0,1
3/1/2024 7:15,HUD VL,61758,43.6,2.74,0,1
3/1/2024 7:15,LONGIL,61762,44,3.15,0,1
3/1/2024 7:15,MHK VL,61756,42.57,1.72,0,1
3/1/2024 7:15,MILLWD,61759,43.76,2.9,0,1
3/1/2024 7:15,N.Y.C.,61761,44.01,3.15,0,1
3/1/2024 7:15,NORTH,61755,41.15,0.29,0,1
3/1/2024 7:15,WEST,61752,37.71,-3.15,0,1
3/1/2024 7:30,CAPITL,61757,37.68,1.73,0,1
3/1/2024 7:30,CENTRL,61754,35.63,-0.32,0,1
3/1/2024 7:30,DUNWOD,61760,38.69,2.73,0,1
3/1/2024 7:30,GENESE,61753,33.94,-2.01,0,1
3/1/2024 7:30,HUD VL,61758,38.44,2.48,0,1
3/1/2024 7:30,LONGIL,61762,38.94,2.98,0,1
3/1/2024 7:30,MHK VL,61756,37.36,1.4,0,1
3/1/2024 7:30,MILLWD,61759,38.62,2.66,0,1
3/1/2024 7:30,N.Y.C.,61761,38.8,2.84,0,1
3/1/2024 7:30,NORTH,61755,36.06,0.11,0,1
3/1/2024 7:30,WEST,61752,33.37,-2.59,0,1
3/1/2024 7:45,CAPITL,61757,38.55,1.73,0,1
3/1/2024 7:45,CENTRL,61754,36.31,-0.52,0,1
3/1/2024 7:45,DUNWOD,61760,39.77,2.95,0,1
3/1/2024 7:45,GENESE,61753,34.61,-2.21,0,1
3/1/2024 7:45,HUD VL,61758,39.44,2.61,0,1
3/1/2024 7:45,LONGIL,61762,40.06,3.24,0,1
3/1/2024 7:45,MHK VL,61756,38.19,1.36,0,1
3/1/2024 7:45,MILLWD,61759,39.66,2.84,0,1
3/1/2024 7:45,N.Y.C.,61761,54.26,3.09,-14.34,1
3/1/2024 7:45,NORTH,61755,36.93,0.11,0,1
3/1/2024 7:45,WEST,61752,33.91,-2.91,0,1
3/1/2024 8:00,CAPITL,61757,37.54,1.48,0,1
3/1/2024 8:00,CENTRL,61754,35.24,-0.83,0,1
3/1/2024 8:00,DUNWOD,61760,38.62,2.56,0,1
3/1/2024 8:00,GENESE,61753,33.32,-2.74,0,1
3/1/2024 8:00,HUD VL,61758,38.34,2.27,0,1
3/1/2024 8:00,LONGIL,61762,38.84,2.78,0,1
3/1/2024 8:00,MHK VL,61756,37.18,1.12,0,1
3/1/2024 8:00,MILLWD,61759,38.52,2.45,0,1
3/1/2024 8:00,N.Y.C.,61761,38.8,2.74,0,1
3/1/2024 8:00,NORTH,61755,36.68,0.61,0,1
3/1/2024 8:00,WEST,61752,32.35,-3.71,0,1
3/1/2024 8:15,CAPITL,61757,49.94,1.97,0,1
3/1/2024 8:15,CENTRL,61754,45.57,-1.1,1.31,1
3/1/2024 8:15,DUNWOD,61760,51.38,3.41,0,1
3/1/2024 8:15,GENESE,61753,41.89,-3.79,2.3,1
3/1/2024 8:15,HUD VL,61758,50.95,2.98,0,1
3/1/2024 8:15,LONGIL,61762,51.62,3.64,0,1
3/1/2024 8:15,MHK VL,61756,48.92,1.39,0.45,1
3/1/2024 8:15,MILLWD,61759,51.24,3.26,0,1
3/1/2024 8:15,N.Y.C.,61761,51.62,3.64,0,1
3/1/2024 8:15,NORTH,61755,48.89,0.91,0,1
3/1/2024 8:15,WEST,61752,40.68,-5.09,2.21,1
3/1/2024 8:30,CAPITL,61757,36.53,1.51,0,1
3/1/2024 8:30,CENTRL,61754,34.11,-0.91,0,1
3/1/2024 8:30,DUNWOD,61760,37.37,2.35,0,1
3/1/2024 8:30,GENESE,61753,32.19,-2.84,0,1
3/1/2024 8:30,HUD VL,61758,37.02,2,0,1
3/1/2024 8:30,LONGIL,61762,37.48,2.45,0,1
3/1/2024 8:30,MHK VL,61756,35.97,0.95,0,1
3/1/2024 8:30,MILLWD,61759,37.23,2.21,0,1
3/1/2024 8:30,N.Y.C.,61761,37.48,2.45,0,1
3/1/2024 8:30,NORTH,61755,35.76,0.74,0,1
3/1/2024 8:30,WEST,61752,31.38,-3.64,0,1
3/1/2024 8:45,CAPITL,61757,25.42,0.95,0,1
3/1/2024 8:45,CENTRL,61754,23.91,-0.56,0,1
3/1/2024 8:45,DUNWOD,61760,26.11,1.64,0,1
3/1/2024 8:45,GENESE,61753,22.53,-1.93,0,1
3/1/2024 8:45,HUD VL,61758,25.86,1.39,0,1
3/1/2024 8:45,LONGIL,61762,26.2,1.74,0,1
3/1/2024 8:45,MHK VL,61756,25.15,0.68,0,1
3/1/2024 8:45,MILLWD,61759,26.01,1.54,0,1
3/1/2024 8:45,N.Y.C.,61761,26.25,1.79,0,1
3/1/2024 8:45,NORTH,61755,25,0.54,0,1
3/1/2024 8:45,WEST,61752,22.07,-2.4,0,1
3/1/2024 9:00,CAPITL,61757,41.14,1.39,0,1
3/1/2024 9:00,CENTRL,61754,39.03,-0.71,0,1
3/1/2024 9:00,DUNWOD,61760,42.01,2.26,0,1
3/1/2024 9:00,GENESE,61753,36.89,-2.86,0,1
3/1/2024 9:00,HUD VL,61758,41.66,1.91,0,1
3/1/2024 9:00,LONGIL,61762,41.97,2.22,0,1
3/1/2024 9:00,MHK VL,61756,40.78,1.03,0,1
3/1/2024 9:00,MILLWD,61759,41.89,2.14,0,1
3/1/2024 9:00,N.Y.C.,61761,42.17,2.42,0,1
3/1/2024 9:00,NORTH,61755,40.62,0.87,0,1
3/1/2024 9:00,WEST,61752,36.41,-3.34,0,1
3/1/2024 9:15,CAPITL,61757,30.55,1.03,0,1
3/1/2024 9:15,CENTRL,61754,28.96,-0.56,0,1
3/1/2024 9:15,DUNWOD,61760,31.26,1.74,0,1
3/1/2024 9:15,GENESE,61753,27.36,-2.15,0,1
3/1/2024 9:15,HUD VL,61758,30.96,1.45,0,1
3/1/2024 9:15,LONGIL,61762,31.35,1.83,0,1
3/1/2024 9:15,MHK VL,61756,30.26,0.74,0,1
3/1/2024 9:15,MILLWD,61759,31.17,1.65,0,1
3/1/2024 9:15,N.Y.C.,61761,40.48,1.89,-9.07,1
3/1/2024 9:15,NORTH,61755,30.05,0.53,0,1
3/1/2024 9:15,WEST,61752,27.04,-2.48,0,1
3/1/2024 9:30,CAPITL,61757,27.59,0.83,0,1
3/1/2024 9:30,CENTRL,61754,26.28,-0.48,0,1
3/1/2024 9:30,DUNWOD,61760,28.34,1.58,0,1
3/1/2024 9:30,GENESE,61753,24.81,-1.95,0,1
3/1/2024 9:30,HUD VL,61758,28.04,1.28,0,1
3/1/2024 9:30,LONGIL,61762,28.42,1.66,0,1
3/1/2024 9:30,MHK VL,61756,27.45,0.69,0,1
3/1/2024 9:30,MILLWD,61759,28.23,1.47,0,1
3/1/2024 9:30,N.Y.C.,61761,28.47,1.71,0,1
3/1/2024 9:30,NORTH,61755,27.29,0.53,0,1
3/1/2024 9:30,WEST,61752,24.56,-2.19,0,1
3/1/2024 9:45,CAPITL,61757,24.35,0.62,0,1
3/1/2024 9:45,CENTRL,61754,23.28,-0.45,0,1
3/1/2024 9:45,DUNWOD,61760,25.11,1.38,0,1
3/1/2024 9:45,GENESE,61753,22.02,-1.71,0,1
3/1/2024 9:45,HUD VL,61758,24.82,1.09,0,1
3/1/2024 9:45,LONGIL,61762,25.13,1.4,0,1
3/1/2024 9:45,MHK VL,61756,24.32,0.59,0,1
3/1/2024 9:45,MILLWD,61759,24.99,1.26,0,1
3/1/2024 9:45,N.Y.C.,61761,25.25,1.52,0,1
3/1/2024 9:45,NORTH,61755,24.3,0.57,0,1
3/1/2024 9:45,WEST,61752,21.76,-1.97,0,1
3/1/2024 10:00,CAPITL,61757,29.19,0.52,0,1
3/1/2024 10:00,CENTRL,61754,28.42,-0.26,0,1
3/1/2024 10:00,DUNWOD,61760,29.99,1.32,0,1
3/1/2024 10:00,GENESE,61753,27.13,-1.55,0,1
3/1/2024 10:00,HUD VL,61758,29.71,1.03,0,1
3/1/2024 10:00,LONGIL,61762,30.19,1.52,0,1
3/1/2024 10:00,MHK VL,61756,29.51,0.83,0,1
3/1/2024 10:00,MILLWD,61759,29.88,1.2,0,1
3/1/2024 10:00,N.Y.C.,61761,30.05,1.38,0,1
3/1/2024 10:00,NORTH,61755,29.62,0.94,0,1
3/1/2024 10:00,WEST,61752,27.24,-1.43,0,1
3/1/2024 10:15,CAPITL,61757,27.08,0.45,0,1
3/1/2024 10:15,CENTRL,61754,26.41,-0.21,0,1
3/1/2024 10:15,DUNWOD,61760,27.93,1.3,0,1
3/1/2024 10:15,GENESE,61753,25.3,-1.33,0,1
3/1/2024 10:15,HUD VL,61758,27.64,1.01,0,1
3/1/2024 10:15,LONGIL,61762,28.15,1.52,0,1
3/1/2024 10:15,MHK VL,61756,27.37,0.74,0,1
3/1/2024 10:15,MILLWD,61759,27.83,1.2,0,1
3/1/2024 10:15,N.Y.C.,61761,28.01,1.38,0,1
3/1/2024 10:15,NORTH,61755,27.43,0.8,0,1
3/1/2024 10:15,WEST,61752,25.4,-1.22,0,1
3/1/2024 10:30,CAPITL,61757,25.87,0.48,0,1
3/1/2024 10:30,CENTRL,61754,25.09,-0.3,0,1
3/1/2024 10:30,DUNWOD,61760,26.74,1.34,0,1
3/1/2024 10:30,GENESE,61753,24.05,-1.35,0,1
3/1/2024 10:30,HUD VL,61758,26.46,1.07,0,1
3/1/2024 10:30,LONGIL,61762,26.97,1.57,0,1
3/1/2024 10:30,MHK VL,61756,26.05,0.66,0,1
3/1/2024 10:30,MILLWD,61759,26.61,1.22,0,1
3/1/2024 10:30,N.Y.C.,61761,26.79,1.4,0,1
3/1/2024 10:30,NORTH,61755,25.98,0.58,0,1
3/1/2024 10:30,WEST,61752,24.05,-1.35,0,1
3/1/2024 10:45,CAPITL,61757,24.75,0.51,0,1
3/1/2024 10:45,CENTRL,61754,23.73,-0.51,0,1
3/1/2024 10:45,DUNWOD,61760,25.55,1.31,0,1
3/1/2024 10:45,GENESE,61753,22.79,-1.45,0,1
3/1/2024 10:45,HUD VL,61758,25.29,1.04,0,1
3/1/2024 10:45,LONGIL,61762,25.82,1.57,0,1
3/1/2024 10:45,MHK VL,61756,24.8,0.56,0,1
3/1/2024 10:45,MILLWD,61759,25.43,1.19,0,1
3/1/2024 10:45,N.Y.C.,61761,25.65,1.41,0,1
3/1/2024 10:45,NORTH,61755,24.92,0.68,0,1
3/1/2024 10:45,WEST,61752,22.62,-1.62,0,1
3/1/2024 11:00,CAPITL,61757,25.58,0.45,0,1
3/1/2024 11:00,CENTRL,61754,24.65,-0.48,0,1
3/1/2024 11:00,DUNWOD,61760,26.46,1.33,0,1
3/1/2024 11:00,GENESE,61753,23.77,-1.36,0,1
3/1/2024 11:00,HUD VL,61758,26.16,1.03,0,1
3/1/2024 11:00,LONGIL,61762,26.76,1.63,0,1
3/1/2024 11:00,MHK VL,61756,25.68,0.55,0,1
3/1/2024 11:00,MILLWD,61759,26.33,1.21,0,1
3/1/2024 11:00,N.Y.C.,61761,26.56,1.43,0,1
3/1/2024 11:00,NORTH,61755,25.86,0.73,0,1
3/1/2024 11:00,WEST,61752,23.75,-1.38,0,1
3/1/2024 11:15,CAPITL,61757,23.93,0.4,0,1
3/1/2024 11:15,CENTRL,61754,23.11,-0.42,0,1
3/1/2024 11:15,DUNWOD,61760,24.83,1.29,0,1
3/1/2024 11:15,GENESE,61753,22.24,-1.29,0,1
3/1/2024 11:15,HUD VL,61758,24.55,1.01,0,1
3/1/2024 11:15,LONGIL,61762,25.14,1.6,0,1
3/1/2024 11:15,MHK VL,61756,24.03,0.5,0,1
3/1/2024 11:15,MILLWD,61759,24.71,1.18,0,1
3/1/2024 11:15,N.Y.C.,61761,24.92,1.39,0,1
3/1/2024 11:15,NORTH,61755,24.19,0.66,0,1
3/1/2024 11:15,WEST,61752,22.22,-1.32,0,1
3/1/2024 11:30,CAPITL,61757,23.03,0.38,0,1
3/1/2024 11:30,CENTRL,61754,22.17,-0.48,0,1
3/1/2024 11:30,DUNWOD,61760,23.89,1.24,0,1
3/1/2024 11:30,GENESE,61753,21.33,-1.31,0,1
3/1/2024 11:30,HUD VL,61758,23.62,0.97,0,1
3/1/2024 11:30,LONGIL,61762,24.14,1.49,0,1
3/1/2024 11:30,MHK VL,61756,23.1,0.45,0,1
3/1/2024 11:30,MILLWD,61759,23.77,1.13,0,1
3/1/2024 11:30,N.Y.C.,61761,23.98,1.34,0,1
3/1/2024 11:30,NORTH,61755,23.28,0.63,0,1
3/1/2024 11:30,WEST,61752,21.29,-1.36,0,1
3/1/2024 11:45,CAPITL,61757,22.98,0.41,0,1
3/1/2024 11:45,CENTRL,61754,22.08,-0.5,0,1
3/1/2024 11:45,DUNWOD,61760,23.84,1.26,0,1
3/1/2024 11:45,GENESE,61753,21.22,-1.35,0,1
3/1/2024 11:45,HUD VL,61758,23.54,0.97,0,1
3/1/2024 11:45,LONGIL,61762,24.08,1.51,0,1
3/1/2024 11:45,MHK VL,61756,23.02,0.45,0,1
3/1/2024 11:45,MILLWD,61759,23.7,1.13,0,1
3/1/2024 11:45,N.Y.C.,61761,23.95,1.38,0,1
3/1/2024 11:45,NORTH,61755,23.18,0.61,0,1
3/1/2024 11:45,WEST,61752,21.13,-1.45,0,1
3/1/2024 12:00,CAPITL,61757,21.5,0.42,0,1
3/1/2024 12:00,CENTRL,61754,20.55,-0.53,0,1
3/1/2024 12:00,DUNWOD,61760,22.26,1.18,0,1
3/1/2024 12:00,GENESE,61753,19.67,-1.41,0,1
3/1/2024 12:00,HUD VL,61758,21.99,0.91,0,1
3/1/2024 12:00,LONGIL,61762,22.45,1.37,0,1
3/1/2024 12:00,MHK VL,61756,21.44,0.36,0,1
3/1/2024 12:00,MILLWD,61759,22.16,1.07,0,1
3/1/2024 12:00,N.Y.C.,61761,22.39,1.31,0,1
3/1/2024 12:00,NORTH,61755,21.61,0.53,0,1
3/1/2024 12:00,WEST,61752,19.48,-1.6,0,1
3/1/2024 12:15,CAPITL,61757,19.89,0.39,0,1
3/1/2024 12:15,CENTRL,61754,18.99,-0.51,0,1
3/1/2024 12:15,DUNWOD,61760,20.59,1.09,0,1
3/1/2024 12:15,GENESE,61753,18.17,-1.33,0,1
3/1/2024 12:15,HUD VL,61758,20.34,0.84,0,1
3/1/2024 12:15,LONGIL,61762,20.77,1.27,0,1
3/1/2024 12:15,MHK VL,61756,19.83,0.33,0,1
3/1/2024 12:15,MILLWD,61759,20.49,0.99,0,1
3/1/2024 12:15,N.Y.C.,61761,20.69,1.19,0,1
3/1/2024 12:15,NORTH,61755,19.99,0.49,0,1
3/1/2024 12:15,WEST,61752,18,-1.5,0,1
3/1/2024 12:30,CAPITL,61757,19.14,0.36,0,1
3/1/2024 12:30,CENTRL,61754,18.34,-0.45,0,1
3/1/2024 12:30,DUNWOD,61760,19.8,1.01,0,1
3/1/2024 12:30,GENESE,61753,17.55,-1.24,0,1
3/1/2024 12:30,HUD VL,61758,19.56,0.77,0,1
3/1/2024 12:30,LONGIL,61762,19.99,1.2,0,1
3/1/2024 12:30,MHK VL,61756,19.11,0.32,0,1
3/1/2024 12:30,MILLWD,61759,19.71,0.92,0,1
3/1/2024 12:30,N.Y.C.,61761,19.9,1.11,0,1
3/1/2024 12:30,NORTH,61755,19.24,0.45,0,1
3/1/2024 12:30,WEST,61752,17.4,-1.39,0,1
3/1/2024 12:45,CAPITL,61757,19.83,0.39,0,1
3/1/2024 12:45,CENTRL,61754,18.96,-0.49,0,1
3/1/2024 12:45,DUNWOD,61760,20.51,1.07,0,1
3/1/2024 12:45,GENESE,61753,18.2,-1.24,0,1
3/1/2024 12:45,HUD VL,61758,20.26,0.82,0,1
3/1/2024 12:45,LONGIL,61762,20.71,1.26,0,1
3/1/2024 12:45,MHK VL,61756,19.75,0.31,0,1
3/1/2024 12:45,MILLWD,61759,20.41,0.97,0,1
3/1/2024 12:45,N.Y.C.,61761,20.61,1.17,0,1
3/1/2024 12:45,NORTH,61755,19.91,0.47,0,1
3/1/2024 12:45,WEST,61752,18.04,-1.4,0,1
3/1/2024 13:00,CAPITL,61757,18.73,0.37,0,1
3/1/2024 13:00,CENTRL,61754,17.92,-0.44,0,1
3/1/2024 13:00,DUNWOD,61760,19.35,0.99,0,1
3/1/2024 13:00,GENESE,61753,17.15,-1.21,0,1
3/1/2024 13:00,HUD VL,61758,19.12,0.75,0,1
3/1/2024 13:00,LONGIL,61762,19.52,1.16,0,1
3/1/2024 13:00,MHK VL,61756,18.69,0.33,0,1
3/1/2024 13:00,MILLWD,61759,19.26,0.9,0,1
3/1/2024 13:00,N.Y.C.,61761,19.49,1.12,0,1
3/1/2024 13:00,NORTH,61755,18.84,0.48,0,1
3/1/2024 13:00,WEST,61752,17.02,-1.34,0,1
3/1/2024 13:15,CAPITL,61757,18.71,0.35,0,1
3/1/2024 13:15,CENTRL,61754,17.94,-0.42,0,1
3/1/2024 13:15,DUNWOD,61760,19.35,0.99,0,1
3/1/2024 13:15,GENESE,61753,17.15,-1.21,0,1
3/1/2024 13:15,HUD VL,61758,19.12,0.75,0,1
3/1/2024 13:15,LONGIL,61762,19.54,1.18,0,1
3/1/2024 13:15,MHK VL,61756,18.69,0.33,0,1
3/1/2024 13:15,MILLWD,61759,19.25,0.88,0,1
3/1/2024 13:15,N.Y.C.,61761,19.49,1.12,0,1
3/1/2024 13:15,NORTH,61755,18.86,0.5,0,1
3/1/2024 13:15,WEST,61752,17.02,-1.34,0,1
3/1/2024 13:30,CAPITL,61757,18.56,0.35,0,1
3/1/2024 13:30,CENTRL,61754,17.76,-0.45,0,1
3/1/2024 13:30,DUNWOD,61760,19.24,1.02,0,1
3/1/2024 13:30,GENESE,61753,17,-1.22,0,1
3/1/2024 13:30,HUD VL,61758,19,0.78,0,1
3/1/2024 13:30,LONGIL,61762,19.4,1.18,0,1
3/1/2024 13:30,MHK VL,61756,18.53,0.31,0,1
3/1/2024 13:30,MILLWD,61759,19.15,0.93,0,1
3/1/2024 13:30,N.Y.C.,61761,19.37,1.15,0,1
3/1/2024 13:30,NORTH,61755,18.67,0.46,0,1
3/1/2024 13:30,WEST,61752,16.85,-1.37,0,1
3/1/2024 13:45,CAPITL,61757,18.56,0.36,0,1
3/1/2024 13:45,CENTRL,61754,17.75,-0.45,0,1
3/1/2024 13:45,DUNWOD,61760,19.25,1.06,0,1
3/1/2024 13:45,GENESE,61753,16.91,-1.29,0,1
3/1/2024 13:45,HUD VL,61758,19.02,0.82,0,1
3/1/2024 13:45,LONGIL,61762,19.42,1.22,0,1
3/1/2024 13:45,MHK VL,61756,18.51,0.31,0,1
3/1/2024 13:45,MILLWD,61759,19.15,0.95,0,1
3/1/2024 13:45,N.Y.C.,61761,19.35,1.15,0,1
3/1/2024 13:45,NORTH,61755,18.65,0.46,0,1
3/1/2024 13:45,WEST,61752,16.74,-1.46,0,1
3/1/2024 14:00,CAPITL,61757,19.94,0.39,0,1
3/1/2024 14:00,CENTRL,61754,19.08,-0.47,0,1
3/1/2024 14:00,DUNWOD,61760,20.62,1.07,0,1
3/1/2024 14:00,GENESE,61753,18.22,-1.33,0,1
3/1/2024 14:00,HUD VL,61758,20.39,0.84,0,1
3/1/2024 14:00,LONGIL,61762,20.78,1.23,0,1
3/1/2024 14:00,MHK VL,61756,19.86,0.31,0,1
3/1/2024 14:00,MILLWD,61759,20.52,0.98,0,1
3/1/2024 14:00,N.Y.C.,61761,20.7,1.15,0,1
3/1/2024 14:00,NORTH,61755,20.07,0.53,0,1
3/1/2024 14:00,WEST,61752,18.08,-1.47,0,1
3/1/2024 14:15,CAPITL,61757,20.07,0.41,0,1
3/1/2024 14:15,CENTRL,61754,19.15,-0.51,0,1
3/1/2024 14:15,DUNWOD,61760,20.74,1.08,0,1
3/1/2024 14:15,GENESE,61753,18.32,-1.34,0,1
3/1/2024 14:15,HUD VL,61758,20.5,0.84,0,1
3/1/2024 14:15,LONGIL,61762,20.9,1.24,0,1
3/1/2024 14:15,MHK VL,61756,19.95,0.3,0,1
3/1/2024 14:15,MILLWD,61759,20.64,0.98,0,1
3/1/2024 14:15,N.Y.C.,61761,20.84,1.18,0,1
3/1/2024 14:15,NORTH,61755,20.21,0.55,0,1
3/1/2024 14:15,WEST,61752,18.16,-1.49,0,1
3/1/2024 14:30,CAPITL,61757,20.06,0.43,0,1
3/1/2024 14:30,CENTRL,61754,19.14,-0.49,0,1
3/1/2024 14:30,DUNWOD,61760,20.69,1.06,0,1
3/1/2024 14:30,GENESE,61753,18.29,-1.34,0,1
3/1/2024 14:30,HUD VL,61758,20.47,0.84,0,1
3/1/2024 14:30,LONGIL,61762,20.89,1.26,0,1
3/1/2024 14:30,MHK VL,61756,19.92,0.29,0,1
3/1/2024 14:30,MILLWD,61759,20.59,0.96,0,1
3/1/2024 14:30,N.Y.C.,61761,20.75,1.12,0,1
3/1/2024 14:30,NORTH,61755,20.2,0.57,0,1
3/1/2024 14:30,WEST,61752,18.12,-1.51,0,1
3/1/2024 14:45,CAPITL,61757,20.47,0.44,0,1
3/1/2024 14:45,CENTRL,61754,19.51,-0.52,0,1
3/1/2024 14:45,DUNWOD,61760,21.11,1.08,0,1
3/1/2024 14:45,GENESE,61753,18.63,-1.4,0,1
3/1/2024 14:45,HUD VL,61758,20.91,0.88,0,1
3/1/2024 14:45,LONGIL,61762,21.37,1.34,0,1
3/1/2024 14:45,MHK VL,61756,20.33,0.3,0,1
3/1/2024 14:45,MILLWD,61759,21.03,1,0,1
3/1/2024 14:45,N.Y.C.,61761,21.19,1.16,0,1
3/1/2024 14:45,NORTH,61755,20.61,0.58,0,1
3/1/2024 14:45,WEST,61752,18.45,-1.58,0,1
3/1/2024 15:00,CAPITL,61757,21.58,0.46,0,1
3/1/2024 15:00,CENTRL,61754,20.54,-0.57,0,1
3/1/2024 15:00,DUNWOD,61760,22.27,1.16,0,1
3/1/2024 15:00,GENESE,61753,19.66,-1.46,0,1
3/1/2024 15:00,HUD VL,61758,22.04,0.93,0,1
3/1/2024 15:00,LONGIL,61762,22.53,1.41,0,1
3/1/2024 15:00,MHK VL,61756,21.43,0.32,0,1
3/1/2024 15:00,MILLWD,61759,22.17,1.06,0,1
3/1/2024 15:00,N.Y.C.,61761,22.34,1.22,0,1
3/1/2024 15:00,NORTH,61755,21.72,0.61,0,1
3/1/2024 15:00,WEST,61752,19.47,-1.65,0,1
3/1/2024 15:15,CAPITL,61757,22.26,0.5,0,1
3/1/2024 15:15,CENTRL,61754,21.21,-0.54,0,1
3/1/2024 15:15,DUNWOD,61760,22.95,1.2,0,1
3/1/2024 15:15,GENESE,61753,20.23,-1.52,0,1
3/1/2024 15:15,HUD VL,61758,22.74,0.98,0,1
3/1/2024 15:15,LONGIL,61762,23.24,1.48,0,1
3/1/2024 15:15,MHK VL,61756,22.08,0.33,0,1
3/1/2024 15:15,MILLWD,61759,22.86,1.11,0,1
3/1/2024 15:15,N.Y.C.,61761,23.02,1.26,0,1
3/1/2024 15:15,NORTH,61755,22.39,0.63,0,1
3/1/2024 15:15,WEST,61752,20.01,-1.74,0,1
3/1/2024 15:30,CAPITL,61757,22.98,0.54,0,1
3/1/2024 15:30,CENTRL,61754,21.83,-0.6,0,1
3/1/2024 15:30,DUNWOD,61760,23.67,1.23,0,1
3/1/2024 15:30,GENESE,61753,20.82,-1.62,0,1
3/1/2024 15:30,HUD VL,61758,23.45,1.01,0,1
3/1/2024 15:30,LONGIL,61762,24.03,1.59,0,1
3/1/2024 15:30,MHK VL,61756,22.77,0.34,0,1
3/1/2024 15:30,MILLWD,61759,23.58,1.14,0,1
3/1/2024 15:30,N.Y.C.,61761,23.79,1.35,0,1
3/1/2024 15:30,NORTH,61755,23.09,0.65,0,1
3/1/2024 15:30,WEST,61752,20.62,-1.82,0,1
3/1/2024 15:45,CAPITL,61757,23.23,0.54,0,1
3/1/2024 15:45,CENTRL,61754,22.12,-0.57,0,1
3/1/2024 15:45,DUNWOD,61760,23.93,1.25,0,1
3/1/2024 15:45,GENESE,61753,21.12,-1.57,0,1
3/1/2024 15:45,HUD VL,61758,23.73,1.04,0,1
3/1/2024 15:45,LONGIL,61762,24.34,1.66,0,1
3/1/2024 15:45,MHK VL,61756,23.07,0.39,0,1
3/1/2024 15:45,MILLWD,61759,23.84,1.16,0,1
3/1/2024 15:45,N.Y.C.,61761,24.03,1.34,0,1
3/1/2024 15:45,NORTH,61755,23.37,0.68,0,1
3/1/2024 15:45,WEST,61752,20.96,-1.73,0,1
3/1/2024 16:00,CAPITL,61757,21.52,0.59,0,1
3/1/2024 16:00,CENTRL,61754,20.45,-0.48,0,1
3/1/2024 16:00,DUNWOD,61760,22.11,1.17,0,1
3/1/2024 16:00,GENESE,61753,19.59,-1.34,0,1
3/1/2024 16:00,HUD VL,61758,21.9,0.96,0,1
3/1/2024 16:00,LONGIL,61762,22.53,1.57,-0.02,1
3/1/2024 16:00,MHK VL,61756,21.31,0.38,0,1
3/1/2024 16:00,MILLWD,61759,22.02,1.09,0,1
3/1/2024 16:00,N.Y.C.,61761,22.19,1.26,0,1
3/1/2024 16:00,NORTH,61755,21.46,0.52,0,1
3/1/2024 16:00,WEST,61752,19.47,-1.47,0,1
3/1/2024 16:15,CAPITL,61757,22.41,0.63,0,1
3/1/2024 16:15,CENTRL,61754,21.19,-0.59,0,1
3/1/2024 16:15,DUNWOD,61760,23.04,1.26,0,1
3/1/2024 16:15,GENESE,61753,20.37,-1.42,0,1
3/1/2024 16:15,HUD VL,61758,22.83,1.05,0,1
3/1/2024 16:15,LONGIL,61762,26.77,1.7,-3.29,1
3/1/2024 16:15,MHK VL,61756,22.19,0.41,0,1
3/1/2024 16:15,MILLWD,61759,22.96,1.18,0,1
3/1/2024 16:15,N.Y.C.,61761,23.13,1.35,0,1
3/1/2024 16:15,NORTH,61755,22.33,0.54,0,1
3/1/2024 16:15,WEST,61752,20.12,-1.66,0,1
3/1/2024 16:30,CAPITL,61757,24.31,0.73,0,1
3/1/2024 16:30,CENTRL,61754,22.99,-0.59,0,1
3/1/2024 16:30,DUNWOD,61760,24.97,1.39,0,1
3/1/2024 16:30,GENESE,61753,22.05,-1.53,0,1
3/1/2024 16:30,HUD VL,61758,24.76,1.18,0,1
3/1/2024 16:30,LONGIL,61762,25.42,1.84,0,1
3/1/2024 16:30,MHK VL,61756,24.05,0.47,0,1
3/1/2024 16:30,MILLWD,61759,24.87,1.3,0,1
3/1/2024 16:30,N.Y.C.,61761,25.04,1.46,0,1
3/1/2024 16:30,NORTH,61755,24.17,0.59,0,1
3/1/2024 16:30,WEST,61752,21.78,-1.79,0,1
3/1/2024 16:45,CAPITL,61757,43.23,1.38,0,1
3/1/2024 16:45,CENTRL,61754,40.68,-1.17,0,1
3/1/2024 16:45,DUNWOD,61760,44.24,2.38,0,1
3/1/2024 16:45,GENESE,61753,39.05,-2.8,0,1
3/1/2024 16:45,HUD VL,61758,43.9,2.05,0,1
3/1/2024 16:45,LONGIL,61762,45.03,3.18,0,1
3/1/2024 16:45,MHK VL,61756,42.77,0.92,0,1
3/1/2024 16:45,MILLWD,61759,44.11,2.26,0,1
3/1/2024 16:45,N.Y.C.,61761,44.28,2.43,0,1
3/1/2024 16:45,NORTH,61755,42.86,1,0,1
3/1/2024 16:45,WEST,61752,38.38,-3.47,0,1
3/1/2024 17:00,CAPITL,61757,22.78,0.92,0,1
3/1/2024 17:00,CENTRL,61754,21.4,-0.46,0,1
3/1/2024 17:00,DUNWOD,61760,23.28,1.42,0,1
3/1/2024 17:00,GENESE,61753,20.42,-1.44,0,1
3/1/2024 17:00,HUD VL,61758,23.11,1.25,0,1
3/1/2024 17:00,LONGIL,61762,23.63,1.77,0,1
3/1/2024 17:00,MHK VL,61756,22.43,0.57,0,1
3/1/2024 17:00,MILLWD,61759,23.22,1.36,0,1
3/1/2024 17:00,N.Y.C.,61761,23.33,1.47,0,1
3/1/2024 17:00,NORTH,61755,22.13,0.26,0,1
3/1/2024 17:00,WEST,61752,20.03,-1.84,0,1
3/1/2024 17:15,CAPITL,61757,25.68,1.08,0,1
3/1/2024 17:15,CENTRL,61754,24.06,-0.54,0,1
3/1/2024 17:15,DUNWOD,61760,26.2,1.6,0,1
3/1/2024 17:15,GENESE,61753,22.9,-1.7,0,1
3/1/2024 17:15,HUD VL,61758,25.98,1.38,0,1
3/1/2024 17:15,LONGIL,61762,26.47,1.87,0,1
3/1/2024 17:15,MHK VL,61756,25.29,0.69,0,1
3/1/2024 17:15,MILLWD,61759,26.1,1.5,0,1
3/1/2024 17:15,N.Y.C.,61761,26.27,1.67,0,1
3/1/2024 17:15,NORTH,61755,24.97,0.37,0,1
3/1/2024 17:15,WEST,61752,22.36,-2.24,0,1
3/1/2024 17:30,CAPITL,61757,38.1,1.57,0,1
3/1/2024 17:30,CENTRL,61754,35.69,-0.84,0,1
3/1/2024 17:30,DUNWOD,61760,38.9,2.37,0,1
3/1/2024 17:30,GENESE,61753,33.9,-2.63,0,1
3/1/2024 17:30,HUD VL,61758,38.61,2.08,0,1
3/1/2024 17:30,LONGIL,61762,39.31,2.78,0,1
3/1/2024 17:30,MHK VL,61756,37.59,1.06,0,1
3/1/2024 17:30,MILLWD,61759,38.76,2.23,0,1
3/1/2024 17:30,N.Y.C.,61761,38.98,2.45,0,1
3/1/2024 17:30,NORTH,61755,37.37,0.84,0,1
3/1/2024 17:30,WEST,61752,33.02,-3.51,0,1
3/1/2024 17:45,CAPITL,61757,42.22,1.74,0,1
3/1/2024 17:45,CENTRL,61754,39.59,-0.89,0,1
3/1/2024 17:45,DUNWOD,61760,42.99,2.51,0,1
3/1/2024 17:45,GENESE,61753,37.44,-3.04,0,1
3/1/2024 17:45,HUD VL,61758,42.71,2.22,0,1
3/1/2024 17:45,LONGIL,61762,43.52,3.04,0,1
3/1/2024 17:45,MHK VL,61756,41.65,1.17,0,1
3/1/2024 17:45,MILLWD,61759,42.87,2.39,0,1
3/1/2024 17:45,N.Y.C.,61761,42.69,2.47,0.26,1
3/1/2024 17:45,NORTH,61755,41.29,0.81,0,1
3/1/2024 17:45,WEST,61752,36.39,-4.09,0,1
3/1/2024 18:00,CAPITL,61757,42.43,1.87,0,1
3/1/2024 18:00,CENTRL,61754,39.75,-0.81,0,1
3/1/2024 18:00,DUNWOD,61760,43.28,2.72,0,1
3/1/2024 18:00,GENESE,61753,37.6,-2.96,0,1
3/1/2024 18:00,HUD VL,61758,43,2.43,0,1
3/1/2024 18:00,LONGIL,61762,43.93,3.36,0,1
3/1/2024 18:00,MHK VL,61756,41.78,1.22,0,1
3/1/2024 18:00,MILLWD,61759,43.16,2.6,0,1
3/1/2024 18:00,N.Y.C.,61761,42.93,2.64,0.27,1
3/1/2024 18:00,NORTH,61755,41.21,0.65,0,1
3/1/2024 18:00,WEST,61752,36.59,-3.97,0,1
3/1/2024 18:15,CAPITL,61757,44.24,1.99,0,1
3/1/2024 18:15,CENTRL,61754,41.62,-0.63,0,1
3/1/2024 18:15,DUNWOD,61760,45.04,2.79,0,1
3/1/2024 18:15,GENESE,61753,39.38,-2.87,0,1
3/1/2024 18:15,HUD VL,61758,44.74,2.49,0,1
3/1/2024 18:15,LONGIL,61762,45.76,3.5,0,1
3/1/2024 18:15,MHK VL,61756,43.6,1.35,0,1
3/1/2024 18:15,MILLWD,61759,44.91,2.66,0,1
3/1/2024 18:15,N.Y.C.,61761,44.61,2.66,0.3,1
3/1/2024 18:15,NORTH,61755,42.8,0.55,0,1
3/1/2024 18:15,WEST,61752,38.41,-3.84,0,1
3/1/2024 18:30,CAPITL,61757,38,1.74,0,1
3/1/2024 18:30,CENTRL,61754,35.6,-0.65,0,1
3/1/2024 18:30,DUNWOD,61760,38.72,2.47,0,1
3/1/2024 18:30,GENESE,61753,33.75,-2.5,0,1
3/1/2024 18:30,HUD VL,61758,38.5,2.25,0,1
3/1/2024 18:30,LONGIL,61762,39.33,3.08,0,1
3/1/2024 18:30,MHK VL,61756,37.31,1.05,0,1
3/1/2024 18:30,MILLWD,61759,38.65,2.39,0,1
3/1/2024 18:30,N.Y.C.,61761,38.56,2.43,0.13,1
3/1/2024 18:30,NORTH,61755,36.76,0.51,0,1
3/1/2024 18:30,WEST,61752,32.81,-3.45,0,1
3/1/2024 18:45,CAPITL,61757,37.75,1.73,0,1
3/1/2024 18:45,CENTRL,61754,35.38,-0.65,0,1
3/1/2024 18:45,DUNWOD,61760,38.54,2.52,0,1
3/1/2024 18:45,GENESE,61753,33.64,-2.38,0,1
3/1/2024 18:45,HUD VL,61758,38.29,2.27,0,1
3/1/2024 18:45,LONGIL,61762,39.15,3.13,0,1
3/1/2024 18:45,MHK VL,61756,37.07,1.05,0,1
3/1/2024 18:45,MILLWD,61759,38.47,2.45,0,1
3/1/2024 18:45,N.Y.C.,61761,38.54,2.52,0,1
3/1/2024 18:45,NORTH,61755,36.49,0.47,0,1
3/1/2024 18:45,WEST,61752,32.71,-3.31,0,1
3/1/2024 19:00,CAPITL,61757,38.73,1.56,0,1
3/1/2024 19:00,CENTRL,61754,36.24,-0.93,0,1
3/1/2024 19:00,DUNWOD,61760,39.58,2.41,0,1
3/1/2024 19:00,GENESE,61753,34.19,-2.97,0,1
3/1/2024 19:00,HUD VL,61758,39.32,2.15,0,1
3/1/2024 19:00,LONGIL,61762,40.21,3.05,0,1
3/1/2024 19:00,MHK VL,61756,38.09,0.93,0,1
3/1/2024 19:00,MILLWD,61759,39.51,2.34,0,1
3/1/2024 19:00,N.Y.C.,61761,39.39,2.38,0.15,1
3/1/2024 19:00,NORTH,61755,37.95,0.78,0,1
3/1/2024 19:00,WEST,61752,33.04,-4.13,0,1
3/1/2024 19:15,CAPITL,61757,37.84,1.56,0,1
3/1/2024 19:15,CENTRL,61754,35.31,-0.98,0,1
3/1/2024 19:15,DUNWOD,61760,38.71,2.43,0,1
3/1/2024 19:15,GENESE,61753,33.42,-2.87,0,1
3/1/2024 19:15,HUD VL,61758,38.46,2.18,0,1
3/1/2024 19:15,LONGIL,61762,39.33,3.05,0,1
3/1/2024 19:15,MHK VL,61756,37.12,0.84,0,1
3/1/2024 19:15,MILLWD,61759,38.64,2.36,0,1
3/1/2024 19:15,N.Y.C.,61761,38.55,2.39,0.13,1
3/1/2024 19:15,NORTH,61755,36.97,0.69,0,1
3/1/2024 19:15,WEST,61752,32.25,-4.03,0,1
3/1/2024 19:30,CAPITL,61757,37.7,1.59,0,1
3/1/2024 19:30,CENTRL,61754,35.28,-0.83,0,1
3/1/2024 19:30,DUNWOD,61760,38.42,2.31,0,1
3/1/2024 19:30,GENESE,61753,33.29,-2.82,0,1
3/1/2024 19:30,HUD VL,61758,38.2,2.09,0,1
3/1/2024 19:30,LONGIL,61762,39.03,2.92,0,1
3/1/2024 19:30,MHK VL,61756,36.9,0.79,0,1
3/1/2024 19:30,MILLWD,61759,38.35,2.24,0,1
3/1/2024 19:30,N.Y.C.,61761,38.3,2.31,0.12,1
3/1/2024 19:30,NORTH,61755,36.72,0.61,0,1
3/1/2024 19:30,WEST,61752,32.21,-3.9,0,1
3/1/2024 19:45,CAPITL,61757,33.52,1.44,0,1
3/1/2024 19:45,CENTRL,61754,31.4,-0.68,0,1
3/1/2024 19:45,DUNWOD,61760,34.22,2.15,0,1
3/1/2024 19:45,GENESE,61753,29.76,-2.31,0,1
3/1/2024 19:45,HUD VL,61758,34,1.92,0,1
3/1/2024 19:45,LONGIL,61762,34.73,2.66,0,1
3/1/2024 19:45,MHK VL,61756,32.75,0.67,0,1
3/1/2024 19:45,MILLWD,61759,34.16,2.08,0,1
3/1/2024 19:45,N.Y.C.,61761,34.22,2.15,0,1
3/1/2024 19:45,NORTH,61755,32.39,0.32,0,1
3/1/2024 19:45,WEST,61752,28.87,-3.21,0,1
3/1/2024 20:00,CAPITL,61757,40.16,1.58,0,1
3/1/2024 20:00,CENTRL,61754,37.57,-1,0,1
3/1/2024 20:00,DUNWOD,61760,40.81,2.24,0,1
3/1/2024 20:00,GENESE,61753,35.48,-3.09,0.01,1
3/1/2024 20:00,HUD VL,61758,40.62,2.04,0,1
3/1/2024 20:00,LONGIL,61762,41.5,2.93,0,1
3/1/2024 20:00,MHK VL,61756,39.27,0.7,0,1
3/1/2024 20:00,MILLWD,61759,40.73,2.16,0,1
3/1/2024 20:00,N.Y.C.,61761,40.77,2.2,0,1
3/1/2024 20:00,NORTH,61755,39.27,0.7,0,1
3/1/2024 20:00,WEST,61752,34.25,-4.32,0.01,1
3/1/2024 20:15,CAPITL,61757,39,1.57,0,1
3/1/2024 20:15,CENTRL,61754,36.09,-1.16,0.17,1
3/1/2024 20:15,DUNWOD,61760,39.78,2.36,0,1
3/1/2024 20:15,GENESE,61753,34.13,-3,0.3,1
3/1/2024 20:15,HUD VL,61758,39.56,2.13,0,1
3/1/2024 20:15,LONGIL,61762,40.46,3.03,0,1
3/1/2024 20:15,MHK VL,61756,37.93,0.56,0.06,1
3/1/2024 20:15,MILLWD,61759,39.71,2.28,0,1
3/1/2024 20:15,N.Y.C.,61761,39.82,2.4,0,1
3/1/2024 20:15,NORTH,61755,38.02,0.6,0,1
3/1/2024 20:15,WEST,61752,32.87,-4.27,0.29,1
3/1/2024 20:30,CAPITL,61757,34.22,1.35,0,1
3/1/2024 20:30,CENTRL,61754,31.92,-0.95,0,1
3/1/2024 20:30,DUNWOD,61760,34.98,2.11,0,1
3/1/2024 20:30,GENESE,61753,30.14,-2.73,0,1
3/1/2024 20:30,HUD VL,61758,34.75,1.87,0,1
3/1/2024 20:30,LONGIL,61762,35.53,2.66,0,1
3/1/2024 20:30,MHK VL,61756,33.37,0.49,0,1
3/1/2024 20:30,MILLWD,61759,34.88,2.01,0,1
3/1/2024 20:30,N.Y.C.,61761,35.04,2.17,0,1
3/1/2024 20:30,NORTH,61755,33.33,0.46,0,1
3/1/2024 20:30,WEST,61752,29.06,-3.81,0,1
3/1/2024 20:45,CAPITL,61757,24.11,0.88,0,1
3/1/2024 20:45,CENTRL,61754,22.6,-0.63,0,1
3/1/2024 20:45,DUNWOD,61760,24.67,1.44,0,1
3/1/2024 20:45,GENESE,61753,21.32,-1.9,0,1
3/1/2024 20:45,HUD VL,61758,24.5,1.28,0,1
3/1/2024 20:45,LONGIL,61762,25.09,1.86,0,1
3/1/2024 20:45,MHK VL,61756,23.53,0.3,0,1
3/1/2024 20:45,MILLWD,61759,24.6,1.37,0,1
3/1/2024 20:45,N.Y.C.,61761,24.76,1.53,0,1
3/1/2024 20:45,NORTH,61755,23.58,0.35,0,1
3/1/2024 20:45,WEST,61752,20.6,-2.62,0,1
3/1/2024 21:00,CAPITL,61757,38.22,1.43,0,1
3/1/2024 21:00,CENTRL,61754,35.54,-1.07,0.18,1
3/1/2024 21:00,DUNWOD,61760,39.07,2.28,0,1
3/1/2024 21:00,GENESE,61753,33.36,-3.13,0.3,1
3/1/2024 21:00,HUD VL,61758,38.81,2.02,0,1
3/1/2024 21:00,LONGIL,61762,39.58,2.79,0,1
3/1/2024 21:00,MHK VL,61756,37.2,0.48,0.06,1
3/1/2024 21:00,MILLWD,61759,38.99,2.21,0,1
3/1/2024 21:00,N.Y.C.,61761,39.1,2.32,0,1
3/1/2024 21:00,NORTH,61755,37.3,0.51,0,1
3/1/2024 21:00,WEST,61752,32.08,-4.42,0.29,1
3/1/2024 21:15,CAPITL,61757,38.4,1.48,0,1
3/1/2024 21:15,CENTRL,61754,35.74,-1,0.19,1
3/1/2024 21:15,DUNWOD,61760,39.07,2.14,0,1
3/1/2024 21:15,GENESE,61753,33.46,-3.14,0.33,1
3/1/2024 21:15,HUD VL,61758,38.88,1.96,0,1
3/1/2024 21:15,LONGIL,61762,39.66,2.73,0,1
3/1/2024 21:15,MHK VL,61756,37.3,0.44,0.07,1
3/1/2024 21:15,MILLWD,61759,38.99,2.07,0,1
3/1/2024 21:15,N.Y.C.,61761,39,2.14,0.06,1
3/1/2024 21:15,NORTH,61755,37.44,0.52,0,1
3/1/2024 21:15,WEST,61752,32.25,-4.36,0.32,1
3/1/2024 21:30,CAPITL,61757,36.34,1.33,0,1
3/1/2024 21:30,CENTRL,61754,34.13,-0.87,0,1
3/1/2024 21:30,DUNWOD,61760,36.97,1.96,0,1
3/1/2024 21:30,GENESE,61753,32.03,-2.98,0,1
3/1/2024 21:30,HUD VL,61758,36.79,1.78,0,1
3/1/2024 21:30,LONGIL,61762,37.46,2.45,0,1
3/1/2024 21:30,MHK VL,61756,35.43,0.42,0,1
3/1/2024 21:30,MILLWD,61759,36.9,1.89,0,1
3/1/2024 21:30,N.Y.C.,61761,37,1.99,0,1
3/1/2024 21:30,NORTH,61755,35.6,0.59,0,1
3/1/2024 21:30,WEST,61752,30.98,-4.02,0,1
3/1/2024 21:45,CAPITL,61757,25.06,0.87,0,1
3/1/2024 21:45,CENTRL,61754,23.64,-0.56,0,1
3/1/2024 21:45,DUNWOD,61760,25.57,1.38,0,1
3/1/2024 21:45,GENESE,61753,22.28,-1.91,0,1
3/1/2024 21:45,HUD VL,61758,25.43,1.23,0,1
3/1/2024 21:45,LONGIL,61762,25.89,1.69,0,1
3/1/2024 21:45,MHK VL,61756,24.51,0.31,0,1
3/1/2024 21:45,MILLWD,61759,25.5,1.31,0,1
3/1/2024 21:45,N.Y.C.,61761,25.62,1.43,0,1
3/1/2024 21:45,NORTH,61755,24.58,0.39,0,1
3/1/2024 21:45,WEST,61752,21.65,-2.54,0,1
3/1/2024 22:00,CAPITL,61757,38.2,1.29,0,1
3/1/2024 22:00,CENTRL,61754,36.06,-0.85,0,1
3/1/2024 22:00,DUNWOD,61760,38.86,1.95,0,1
3/1/2024 22:00,GENESE,61753,34.22,-2.69,0,1
3/1/2024 22:00,HUD VL,61758,38.68,1.77,0,1
3/1/2024 22:00,LONGIL,61762,39.27,2.36,0,1
3/1/2024 22:00,MHK VL,61756,37.42,0.52,0,1
3/1/2024 22:00,MILLWD,61759,38.79,1.88,0,1
3/1/2024 22:00,N.Y.C.,61761,38.86,1.95,0,1
3/1/2024 22:00,NORTH,61755,37.68,0.78,0,1
3/1/2024 22:00,WEST,61752,33.4,-3.51,0,1
3/1/2024 22:15,CAPITL,61757,28.88,0.95,0,1
3/1/2024 22:15,CENTRL,61754,27.29,-0.64,0,1
3/1/2024 22:15,DUNWOD,61760,29.47,1.54,0,1
3/1/2024 22:15,GENESE,61753,26.17,-1.76,0,1
3/1/2024 22:15,HUD VL,61758,29.3,1.37,0,1
3/1/2024 22:15,LONGIL,61762,29.8,1.87,0,1
3/1/2024 22:15,MHK VL,61756,28.32,0.39,0,1
3/1/2024 22:15,MILLWD,61759,29.41,1.48,0,1
3/1/2024 22:15,N.Y.C.,61761,29.52,1.59,0,1
3/1/2024 22:15,NORTH,61755,28.46,0.53,0,1
3/1/2024 22:15,WEST,61752,25.67,-2.26,0,1
3/1/2024 22:30,CAPITL,61757,29.11,0.98,0,1
3/1/2024 22:30,CENTRL,61754,27.36,-0.76,0,1
3/1/2024 22:30,DUNWOD,61760,29.78,1.66,0,1
3/1/2024 22:30,GENESE,61753,26.24,-1.88,0,1
3/1/2024 22:30,HUD VL,61758,29.58,1.46,0,1
3/1/2024 22:30,LONGIL,61762,30.09,1.97,0,1
3/1/2024 22:30,MHK VL,61756,28.49,0.36,0,1
3/1/2024 22:30,MILLWD,61759,29.72,1.6,0,1
3/1/2024 22:30,N.Y.C.,61761,29.81,1.69,0,1
3/1/2024 22:30,NORTH,61755,28.52,0.39,0,1
3/1/2024 22:30,WEST,61752,25.62,-2.5,0,1
3/1/2024 22:45,CAPITL,61757,24.37,0.78,0,1
3/1/2024 22:45,CENTRL,61754,23.01,-0.59,0,1
3/1/2024 22:45,DUNWOD,61760,25.01,1.42,0,1
3/1/2024 22:45,GENESE,61753,22.04,-1.56,0,1
3/1/2024 22:45,HUD VL,61758,24.82,1.23,0,1
3/1/2024 22:45,LONGIL,61762,25.27,1.68,0,1
3/1/2024 22:45,MHK VL,61756,23.88,0.28,0,1
3/1/2024 22:45,MILLWD,61759,24.94,1.34,0,1
3/1/2024 22:45,N.Y.C.,61761,25.08,1.49,0,1
3/1/2024 22:45,NORTH,61755,23.88,0.28,0,1
3/1/2024 22:45,WEST,61752,21.59,-2.01,0,1
3/1/2024 23:00,CAPITL,61757,24.93,0.8,0,1
3/1/2024 23:00,CENTRL,61754,23.53,-0.6,0,1
3/1/2024 23:00,DUNWOD,61760,25.51,1.37,0,1
3/1/2024 23:00,GENESE,61753,22.42,-1.71,0,1
3/1/2024 23:00,HUD VL,61758,25.36,1.23,0,1
3/1/2024 23:00,LONGIL,61762,25.85,1.71,0,1
3/1/2024 23:00,MHK VL,61756,24.42,0.29,0,1
3/1/2024 23:00,MILLWD,61759,25.46,1.33,0,1
3/1/2024 23:00,N.Y.C.,61761,26.73,1.42,-1.17,1
3/1/2024 23:00,NORTH,61755,24.45,0.31,0,1
3/1/2024 23:00,WEST,61752,21.89,-2.24,0,1
3/1/2024 23:15,CAPITL,61757,24.8,0.79,0,1
3/1/2024 23:15,CENTRL,61754,23.43,-0.58,0,1
3/1/2024 23:15,DUNWOD,61760,25.33,1.32,0,1
3/1/2024 23:15,GENESE,61753,22.31,-1.7,0,1
3/1/2024 23:15,HUD VL,61758,25.19,1.18,0,1
3/1/2024 23:15,LONGIL,61762,25.64,1.63,0,1
3/1/2024 23:15,MHK VL,61756,24.35,0.34,0,1
3/1/2024 23:15,MILLWD,61759,25.28,1.27,0,1
3/1/2024 23:15,N.Y.C.,61761,26.58,1.37,-1.2,1
3/1/2024 23:15,NORTH,61755,24.32,0.31,0,1
3/1/2024 23:15,WEST,61752,21.78,-2.23,0,1
3/1/2024 23:30,CAPITL,61757,24.17,0.73,0,1
3/1/2024 23:30,CENTRL,61754,22.95,-0.49,0,1
3/1/2024 23:30,DUNWOD,61760,24.71,1.27,0,1
3/1/2024 23:30,GENESE,61753,21.83,-1.62,0,1
3/1/2024 23:30,HUD VL,61758,24.57,1.13,0,1
3/1/2024 23:30,LONGIL,61762,24.97,1.52,0,1
3/1/2024 23:30,MHK VL,61756,23.82,0.37,0,1
3/1/2024 23:30,MILLWD,61759,24.64,1.19,0,1
3/1/2024 23:30,N.Y.C.,61761,24.75,1.31,0,1
3/1/2024 23:30,NORTH,61755,23.86,0.42,0,1
3/1/2024 23:30,WEST,61752,21.38,-2.06,0,1
3/1/2024 23:45,CAPITL,61757,22.76,0.66,0,1
3/1/2024 23:45,CENTRL,61754,21.59,-0.51,0,1
3/1/2024 23:45,DUNWOD,61760,23.21,1.1,0,1
3/1/2024 23:45,GENESE,61753,20.69,-1.41,0,1
3/1/2024 23:45,HUD VL,61758,23.1,1,0,1
3/1/2024 23:45,LONGIL,61762,23.45,1.35,0,1
3/1/2024 23:45,MHK VL,61756,22.43,0.33,0,1
3/1/2024 23:45,MILLWD,61759,23.16,1.06,0,1
3/1/2024 23:45,N.Y.C.,61761,23.25,1.15,0,1
3/1/2024 23:45,NORTH,61755,22.52,0.42,0,1
3/1/2024 23:45,WEST,61752,20.31,-1.79,0,1
3/2/2024 0:00,CAPITL,61757,23.6,0.69,0,1
3/2/2024 0:00,CENTRL,61754,22.41,-0.5,0,1
3/2/2024 0:00,DUNWOD,61760,23.95,1.03,0,1
3/2/2024 0:00,GENESE,61753,21.72,-1.19,0,1
3/2/2024 0:00,HUD VL,61758,23.83,0.92,0,1
3/2/2024 0:00,LONGIL,61762,24.43,1.51,0,1
3/2/2024 0:00,MHK VL,61756,23.23,0.32,0,1
3/2/2024 0:00,MILLWD,61759,23.9,0.98,0,1
3/2/2024 0:00,N.Y.C.,61761,23.92,1.01,0,1
3/2/2024 0:00,NORTH,61755,23.44,0.53,0,1
3/2/2024 0:00,WEST,61752,21.51,-1.4,0,1
3/2/2024 0:15,CAPITL,61757,24.54,0.74,0,1
3/2/2024 0:15,CENTRL,61754,23.23,-0.57,0,1
3/2/2024 0:15,DUNWOD,61760,24.84,1.05,0,1
3/2/2024 0:15,GENESE,61753,22.49,-1.31,0,1
3/2/2024 0:15,HUD VL,61758,24.75,0.95,0,1
3/2/2024 0:15,LONGIL,61762,25.38,1.57,-0.01,1
3/2/2024 0:15,MHK VL,61756,24.06,0.26,0,1
3/2/2024 0:15,MILLWD,61759,24.8,1,0,1
3/2/2024 0:15,N.Y.C.,61761,24.82,1.02,0,1
3/2/2024 0:15,NORTH,61755,24.37,0.57,0,1
3/2/2024 0:15,WEST,61752,22.25,-1.55,0,1
3/2/2024 0:30,CAPITL,61757,24.41,0.73,0,1
3/2/2024 0:30,CENTRL,61754,22.99,-0.69,0,1
3/2/2024 0:30,DUNWOD,61760,24.72,1.04,0,1
3/2/2024 0:30,GENESE,61753,22.28,-1.4,0,1
3/2/2024 0:30,HUD VL,61758,24.62,0.95,0,1
3/2/2024 0:30,LONGIL,61762,25.19,1.52,0,1
3/2/2024 0:30,MHK VL,61756,23.91,0.24,0,1
3/2/2024 0:30,MILLWD,61759,24.67,0.99,0,1
3/2/2024 0:30,N.Y.C.,61761,24.67,0.99,0,1
3/2/2024 0:30,NORTH,61755,24.29,0.61,0,1
3/2/2024 0:30,WEST,61752,21.95,-1.73,0,1
3/2/2024 0:45,CAPITL,61757,22.5,0.68,0,1
3/2/2024 0:45,CENTRL,61754,21.12,-0.7,0,1
3/2/2024 0:45,DUNWOD,61760,22.81,0.98,0,1
3/2/2024 0:45,GENESE,61753,20.4,-1.42,0,1
3/2/2024 0:45,HUD VL,61758,22.72,0.9,0,1
3/2/2024 0:45,LONGIL,61762,23.22,1.4,0,1
3/2/2024 0:45,MHK VL,61756,22,0.17,0,1
3/2/2024 0:45,MILLWD,61759,22.76,0.94,0,1
3/2/2024 0:45,N.Y.C.,61761,22.78,0.96,0,1
3/2/2024 0:45,NORTH,61755,22.43,0.61,0,1
3/2/2024 0:45,WEST,61752,20.03,-1.79,0,1
3/2/2024 1:00,CAPITL,61757,22.79,0.69,0,1
3/2/2024 1:00,CENTRL,61754,21.35,-0.75,0,1
3/2/2024 1:00,DUNWOD,61760,23.14,1.04,0,1
3/2/2024 1:00,GENESE,61753,20.73,-1.37,0,1
3/2/2024 1:00,HUD VL,61758,23.03,0.93,0,1
3/2/2024 1:00,LONGIL,61762,23.58,1.48,0,1
3/2/2024 1:00,MHK VL,61756,22.28,0.18,0,1
3/2/2024 1:00,MILLWD,61759,23.1,1,0,1
3/2/2024 1:00,N.Y.C.,61761,23.12,1.02,0,1
3/2/2024 1:00,NORTH,61755,22.67,0.57,0,1
3/2/2024 1:00,WEST,61752,20.4,-1.7,0,1
3/2/2024 1:15,CAPITL,61757,22.7,0.66,0,1
3/2/2024 1:15,CENTRL,61754,21.33,-0.71,0,1
3/2/2024 1:15,DUNWOD,61760,23,0.97,0,1
3/2/2024 1:15,GENESE,61753,20.67,-1.37,0,1
3/2/2024 1:15,HUD VL,61758,22.92,0.88,0,1
3/2/2024 1:15,LONGIL,61762,23.47,1.43,0,1
3/2/2024 1:15,MHK VL,61756,22.23,0.2,0,1
3/2/2024 1:15,MILLWD,61759,22.98,0.95,0,1
3/2/2024 1:15,N.Y.C.,61761,22.96,0.93,0,1
3/2/2024 1:15,NORTH,61755,22.63,0.6,0,1
3/2/2024 1:15,WEST,61752,20.34,-1.7,0,1
3/2/2024 1:30,CAPITL,61757,22.62,0.64,0,1
3/2/2024 1:30,CENTRL,61754,21.37,-0.62,0,1
3/2/2024 1:30,DUNWOD,61760,22.93,0.94,0,1
3/2/2024 1:30,GENESE,61753,20.66,-1.32,0,1
3/2/2024 1:30,HUD VL,61758,22.84,0.86,0,1
3/2/2024 1:30,LONGIL,61762,23.37,1.39,0,1
3/2/2024 1:30,MHK VL,61756,22.18,0.2,0,1
3/2/2024 1:30,MILLWD,61759,22.88,0.9,0,1
3/2/2024 1:30,N.Y.C.,61761,22.88,0.9,0,1
3/2/2024 1:30,NORTH,61755,22.57,0.59,0,1
3/2/2024 1:30,WEST,61752,20.38,-1.6,0,1
3/2/2024 1:45,CAPITL,61757,22.5,0.65,0,1
3/2/2024 1:45,CENTRL,61754,21.19,-0.65,0,1
3/2/2024 1:45,DUNWOD,61760,22.83,0.98,0,1
3/2/2024 1:45,GENESE,61753,20.44,-1.4,0,1
3/2/2024 1:45,HUD VL,61758,22.74,0.9,0,1
3/2/2024 1:45,LONGIL,61762,23.24,1.4,0,1
3/2/2024 1:45,MHK VL,61756,22.08,0.24,0,1
3/2/2024 1:45,MILLWD,61759,22.78,0.94,0,1
3/2/2024 1:45,N.Y.C.,61761,22.78,0.94,0,1
3/2/2024 1:45,NORTH,61755,22.43,0.59,0,1
3/2/2024 1:45,WEST,61752,20.11,-1.73,0,1
3/2/2024 2:00,CAPITL,61757,22.34,0.63,0,1
3/2/2024 2:00,CENTRL,61754,21.1,-0.61,0,1
3/2/2024 2:00,DUNWOD,61760,22.68,0.98,0,1
3/2/2024 2:00,GENESE,61753,20.3,-1.41,0,1
3/2/2024 2:00,HUD VL,61758,22.58,0.87,0,1
3/2/2024 2:00,LONGIL,61762,23.12,1.41,0,1
3/2/2024 2:00,MHK VL,61756,21.99,0.28,0,1
3/2/2024 2:00,MILLWD,61759,22.64,0.93,0,1
3/2/2024 2:00,N.Y.C.,61761,22.64,0.93,0,1
3/2/2024 2:00,NORTH,61755,22.31,0.61,0,1
3/2/2024 2:00,WEST,61752,19.97,-1.74,0,1
3/2/2024 2:15,CAPITL,61757,21.53,0.61,0,1
3/2/2024 2:15,CENTRL,61754,20.34,-0.59,0,1
3/2/2024 2:15,DUNWOD,61760,21.84,0.92,0,1
3/2/2024 2:15,GENESE,61753,19.52,-1.4,0,1
3/2/2024 2:15,HUD VL,61758,21.76,0.84,0,1
3/2/2024 2:15,LONGIL,61762,22.24,1.32,0,1
3/2/2024 2:15,MHK VL,61756,21.17,0.25,0,1
3/2/2024 2:15,MILLWD,61759,21.8,0.88,0,1
3/2/2024 2:15,N.Y.C.,61761,21.8,0.88,0,1
3/2/2024 2:15,NORTH,61755,21.49,0.57,0,1
3/2/2024 2:15,WEST,61752,19.18,-1.74,0,1
3/2/2024 2:30,CAPITL,61757,21.28,0.58,0,1
3/2/2024 2:30,CENTRL,61754,20.13,-0.58,0,1
3/2/2024 2:30,DUNWOD,61760,21.55,0.85,0,1
3/2/2024 2:30,GENESE,61753,19.4,-1.3,0,1
3/2/2024 2:30,HUD VL,61758,21.49,0.79,0,1
3/2/2024 2:30,LONGIL,61762,21.97,1.26,0,1
3/2/2024 2:30,MHK VL,61756,20.93,0.23,0,1
3/2/2024 2:30,MILLWD,61759,21.53,0.83,0,1
3/2/2024 2:30,N.Y.C.,61761,21.53,0.83,0,1
3/2/2024 2:30,NORTH,61755,21.31,0.6,0,1
3/2/2024 2:30,WEST,61752,19.09,-1.62,0,1
3/2/2024 2:45,CAPITL,61757,21.26,0.58,0,1
3/2/2024 2:45,CENTRL,61754,20.09,-0.6,0,1
3/2/2024 2:45,DUNWOD,61760,21.53,0.85,0,1
3/2/2024 2:45,GENESE,61753,19.4,-1.28,0,1
3/2/2024 2:45,HUD VL,61758,21.45,0.77,0,1
3/2/2024 2:45,LONGIL,61762,21.91,1.22,0,1
3/2/2024 2:45,MHK VL,61756,20.85,0.16,0,1
3/2/2024 2:45,MILLWD,61759,21.49,0.81,0,1
3/2/2024 2:45,N.Y.C.,61761,21.49,0.81,0,1
3/2/2024 2:45,NORTH,61755,21.33,0.64,0,1
3/2/2024 2:45,WEST,61752,19.11,-1.57,0,1
3/2/2024 3:00,CAPITL,61757,21.5,0.58,0,1
3/2/2024 3:00,CENTRL,61754,20.36,-0.56,0,1
3/2/2024 3:00,DUNWOD,61760,21.71,0.79,0,1
3/2/2024 3:00,GENESE,61753,19.71,-1.21,0,1
3/2/2024 3:00,HUD VL,61758,21.65,0.73,0,1
3/2/2024 3:00,LONGIL,61762,22.11,1.19,0,1
3/2/2024 3:00,MHK VL,61756,21.11,0.19,0,1
3/2/2024 3:00,MILLWD,61759,21.69,0.77,0,1
3/2/2024 3:00,N.Y.C.,61761,21.67,0.75,0,1
3/2/2024 3:00,NORTH,61755,21.61,0.69,0,1
3/2/2024 3:00,WEST,61752,19.5,-1.42,0,1
3/2/2024 3:15,CAPITL,61757,21.39,0.58,0,1
3/2/2024 3:15,CENTRL,61754,20.25,-0.56,0,1
3/2/2024 3:15,DUNWOD,61760,21.58,0.77,0,1
3/2/2024 3:15,GENESE,61753,19.64,-1.16,0,1
3/2/2024 3:15,HUD VL,61758,21.51,0.71,0,1
3/2/2024 3:15,LONGIL,61762,21.95,1.14,0,1
3/2/2024 3:15,MHK VL,61756,20.95,0.15,0,1
3/2/2024 3:15,MILLWD,61759,21.55,0.75,0,1
3/2/2024 3:15,N.Y.C.,61761,21.53,0.73,0,1
3/2/2024 3:15,NORTH,61755,21.49,0.69,0,1
3/2/2024 3:15,WEST,61752,19.45,-1.35,0,1
3/2/2024 3:30,CAPITL,61757,21.41,0.58,0,1
3/2/2024 3:30,CENTRL,61754,20.22,-0.6,0,1
3/2/2024 3:30,DUNWOD,61760,21.62,0.79,0,1
3/2/2024 3:30,GENESE,61753,19.64,-1.19,0,1
3/2/2024 3:30,HUD VL,61758,21.56,0.73,0,1
3/2/2024 3:30,LONGIL,61762,21.99,1.17,0,1
3/2/2024 3:30,MHK VL,61756,21.02,0.19,0,1
3/2/2024 3:30,MILLWD,61759,21.6,0.77,0,1
3/2/2024 3:30,N.Y.C.,61761,21.58,0.75,0,1
3/2/2024 3:30,NORTH,61755,21.5,0.67,0,1
3/2/2024 3:30,WEST,61752,19.43,-1.4,0,1
3/2/2024 3:45,CAPITL,61757,21.41,0.6,0,1
3/2/2024 3:45,CENTRL,61754,20.18,-0.62,0,1
3/2/2024 3:45,DUNWOD,61760,21.6,0.79,0,1
3/2/2024 3:45,GENESE,61753,19.54,-1.27,0,1
3/2/2024 3:45,HUD VL,61758,21.53,0.73,0,1
3/2/2024 3:45,LONGIL,61762,21.97,1.16,0,1
3/2/2024 3:45,MHK VL,61756,20.97,0.17,0,1
3/2/2024 3:45,MILLWD,61759,21.58,0.77,0,1
3/2/2024 3:45,N.Y.C.,61761,21.53,0.73,0,1
3/2/2024 3:45,NORTH,61755,21.47,0.67,0,1
3/2/2024 3:45,WEST,61752,19.29,-1.52,0,1
3/2/2024 4:00,CAPITL,61757,21.55,0.61,0,1
3/2/2024 4:00,CENTRL,61754,20.33,-0.61,0,1
3/2/2024 4:00,DUNWOD,61760,21.72,0.78,0,1
3/2/2024 4:00,GENESE,61753,19.66,-1.28,0,1
3/2/2024 4:00,HUD VL,61758,21.65,0.71,0,1
3/2/2024 4:00,LONGIL,61762,22.09,1.15,0,1
3/2/2024 4:00,MHK VL,61756,21.11,0.17,0,1
3/2/2024 4:00,MILLWD,61759,21.67,0.73,0,1
3/2/2024 4:00,N.Y.C.,61761,21.63,0.69,0,1
3/2/2024 4:00,NORTH,61755,21.61,0.67,0,1
3/2/2024 4:00,WEST,61752,19.39,-1.55,0,1
3/2/2024 4:15,CAPITL,61757,21.57,0.61,0,1
3/2/2024 4:15,CENTRL,61754,20.31,-0.65,0,1
3/2/2024 4:15,DUNWOD,61760,21.74,0.78,0,1
3/2/2024 4:15,GENESE,61753,19.71,-1.26,0,1
3/2/2024 4:15,HUD VL,61758,21.7,0.73,0,1
3/2/2024 4:15,LONGIL,61762,22.12,1.15,0,1
3/2/2024 4:15,MHK VL,61756,21.15,0.19,0,1
3/2/2024 4:15,MILLWD,61759,21.72,0.75,0,1
3/2/2024 4:15,N.Y.C.,61761,21.68,0.71,0,1
3/2/2024 4:15,NORTH,61755,21.63,0.67,0,1
3/2/2024 4:15,WEST,61752,19.43,-1.53,0,1
3/2/2024 4:30,CAPITL,61757,22.4,0.65,0,1
3/2/2024 4:30,CENTRL,61754,21.1,-0.65,0,1
3/2/2024 4:30,DUNWOD,61760,22.57,0.83,0,1
3/2/2024 4:30,GENESE,61753,20.42,-1.33,0,1
3/2/2024 4:30,HUD VL,61758,22.51,0.76,0,1
3/2/2024 4:30,LONGIL,61762,22.94,1.2,0,1
3/2/2024 4:30,MHK VL,61756,22.01,0.26,0,1
3/2/2024 4:30,MILLWD,61759,22.53,0.78,0,1
3/2/2024 4:30,N.Y.C.,61761,22.51,0.76,0,1
3/2/2024 4:30,NORTH,61755,22.42,0.67,0,1
3/2/2024 4:30,WEST,61752,20.14,-1.61,0,1
3/2/2024 4:45,CAPITL,61757,22.31,0.63,0,1
3/2/2024 4:45,CENTRL,61754,21.16,-0.52,0,1
3/2/2024 4:45,DUNWOD,61760,22.46,0.78,0,1
3/2/2024 4:45,GENESE,61753,20.47,-1.21,0,1
3/2/2024 4:45,HUD VL,61758,22.42,0.74,0,1
3/2/2024 4:45,LONGIL,61762,22.87,1.19,0,1
3/2/2024 4:45,MHK VL,61756,21.96,0.28,0,1
3/2/2024 4:45,MILLWD,61759,22.44,0.76,0,1
3/2/2024 4:45,N.Y.C.,61761,22.4,0.71,0,1
3/2/2024 4:45,NORTH,61755,22.33,0.65,0,1
3/2/2024 4:45,WEST,61752,20.27,-1.41,0,1
3/2/2024 5:00,CAPITL,61757,21.5,0.58,0,1
3/2/2024 5:00,CENTRL,61754,20.38,-0.54,0,1
3/2/2024 5:00,DUNWOD,61760,21.71,0.79,0,1
3/2/2024 5:00,GENESE,61753,19.73,-1.19,0,1
3/2/2024 5:00,HUD VL,61758,21.65,0.73,0,1
3/2/2024 5:00,LONGIL,61762,22.09,1.17,0,1
3/2/2024 5:00,MHK VL,61756,21.19,0.27,0,1
3/2/2024 5:00,MILLWD,61759,21.67,0.75,0,1
3/2/2024 5:00,N.Y.C.,61761,21.65,0.73,0,1
3/2/2024 5:00,NORTH,61755,21.53,0.61,0,1
3/2/2024 5:00,WEST,61752,19.52,-1.4,0,1
3/2/2024 5:15,CAPITL,61757,21.48,0.58,0,1
3/2/2024 5:15,CENTRL,61754,20.42,-0.48,0,1
3/2/2024 5:15,DUNWOD,61760,21.65,0.75,0,1
3/2/2024 5:15,GENESE,61753,19.73,-1.17,0,1
3/2/2024 5:15,HUD VL,61758,21.61,0.71,0,1
3/2/2024 5:15,LONGIL,61762,22.05,1.15,0,1
3/2/2024 5:15,MHK VL,61756,21.13,0.23,0,1
3/2/2024 5:15,MILLWD,61759,21.63,0.73,0,1
3/2/2024 5:15,N.Y.C.,61761,21.59,0.69,0,1
3/2/2024 5:15,NORTH,61755,21.48,0.58,0,1
3/2/2024 5:15,WEST,61752,19.54,-1.36,0,1
3/2/2024 5:30,CAPITL,61757,22.34,0.61,0,1
3/2/2024 5:30,CENTRL,61754,21.23,-0.5,0,1
3/2/2024 5:30,DUNWOD,61760,22.54,0.8,0,1
3/2/2024 5:30,GENESE,61753,20.54,-1.2,0,1
3/2/2024 5:30,HUD VL,61758,22.49,0.76,0,1
3/2/2024 5:30,LONGIL,61762,22.95,1.22,0,1
3/2/2024 5:30,MHK VL,61756,21.97,0.24,0,1
3/2/2024 5:30,MILLWD,61759,22.51,0.78,0,1
3/2/2024 5:30,N.Y.C.,61761,22.47,0.74,0,1
3/2/2024 5:30,NORTH,61755,22.34,0.61,0,1
3/2/2024 5:30,WEST,61752,20.36,-1.37,0,1
3/2/2024 5:45,CAPITL,61757,22.77,0.62,0,1
3/2/2024 5:45,CENTRL,61754,21.55,-0.6,0,1
3/2/2024 5:45,DUNWOD,61760,23.01,0.86,0,1
3/2/2024 5:45,GENESE,61753,20.95,-1.2,0,1
3/2/2024 5:45,HUD VL,61758,22.95,0.8,0,1
3/2/2024 5:45,LONGIL,61762,23.43,1.28,0,1
3/2/2024 5:45,MHK VL,61756,22.33,0.18,0,1
3/2/2024 5:45,MILLWD,61759,22.97,0.82,0,1
3/2/2024 5:45,N.Y.C.,61761,22.95,0.8,0,1
3/2/2024 5:45,NORTH,61755,22.77,0.62,0,1
3/2/2024 5:45,WEST,61752,20.75,-1.39,0,1
3/2/2024 6:00,CAPITL,61757,22.79,0.69,0,1
3/2/2024 6:00,CENTRL,61754,21.41,-0.69,0,1
3/2/2024 6:00,DUNWOD,61760,23.01,0.91,0,1
3/2/2024 6:00,GENESE,61753,20.73,-1.37,0,1
3/2/2024 6:00,HUD VL,61758,22.96,0.86,0,1
3/2/2024 6:00,LONGIL,61762,23.4,1.3,0,1
3/2/2024 6:00,MHK VL,61756,22.3,0.2,0,1
3/2/2024 6:00,MILLWD,61759,22.98,0.88,0,1
3/2/2024 6:00,N.Y.C.,61761,22.96,0.86,0,1
3/2/2024 6:00,NORTH,61755,22.72,0.62,0,1
3/2/2024 6:00,WEST,61752,20.46,-1.64,0,1
3/2/2024 6:15,CAPITL,61757,22.77,0.69,0,1
3/2/2024 6:15,CENTRL,61754,21.42,-0.66,0,1
3/2/2024 6:15,DUNWOD,61760,22.99,0.91,0,1
3/2/2024 6:15,GENESE,61753,20.74,-1.35,0,1
3/2/2024 6:15,HUD VL,61758,22.94,0.86,0,1
3/2/2024 6:15,LONGIL,61762,23.36,1.28,0,1
3/2/2024 6:15,MHK VL,61756,22.33,0.24,0,1
3/2/2024 6:15,MILLWD,61759,22.97,0.88,0,1
3/2/2024 6:15,N.Y.C.,61761,22.94,0.86,0,1
3/2/2024 6:15,NORTH,61755,22.72,0.64,0,1
3/2/2024 6:15,WEST,61752,20.45,-1.63,0,1
3/2/2024 6:30,CAPITL,61757,22.83,0.66,0,1
3/2/2024 6:30,CENTRL,61754,21.59,-0.58,0,1
3/2/2024 6:30,DUNWOD,61760,23.08,0.91,0,1
3/2/2024 6:30,GENESE,61753,20.88,-1.29,0,1
3/2/2024 6:30,HUD VL,61758,23.01,0.84,0,1
3/2/2024 6:30,LONGIL,61762,23.45,1.29,0,1
3/2/2024 6:30,MHK VL,61756,22.5,0.33,0,1
3/2/2024 6:30,MILLWD,61759,23.05,0.89,0,1
3/2/2024 6:30,N.Y.C.,61761,23.03,0.86,0,1
3/2/2024 6:30,NORTH,61755,22.81,0.64,0,1
3/2/2024 6:30,WEST,61752,20.64,-1.53,0,1
3/2/2024 6:45,CAPITL,61757,23.15,0.72,0,1
3/2/2024 6:45,CENTRL,61754,21.78,-0.65,0,1
3/2/2024 6:45,DUNWOD,61760,23.44,1.01,0,1
3/2/2024 6:45,GENESE,61753,21.08,-1.35,0,1
3/2/2024 6:45,HUD VL,61758,23.37,0.94,0,1
3/2/2024 6:45,LONGIL,61762,23.84,1.41,0,1
3/2/2024 6:45,MHK VL,61756,22.81,0.38,0,1
3/2/2024 6:45,MILLWD,61759,23.39,0.96,0,1
3/2/2024 6:45,N.Y.C.,61761,23.39,0.96,0,1
3/2/2024 6:45,NORTH,61755,23.04,0.61,0,1
3/2/2024 6:45,WEST,61752,20.77,-1.66,0,1
3/2/2024 7:00,CAPITL,61757,24.42,0.76,0,1
3/2/2024 7:00,CENTRL,61754,22.98,-0.69,0,1
3/2/2024 7:00,DUNWOD,61760,24.78,1.11,0,1
3/2/2024 7:00,GENESE,61753,22.05,-1.61,0,1
3/2/2024 7:00,HUD VL,61758,24.68,1.02,0,1
3/2/2024 7:00,LONGIL,61762,25.18,1.52,0,1
3/2/2024 7:00,MHK VL,61756,24.06,0.4,0,1
3/2/2024 7:00,MILLWD,61759,24.73,1.07,0,1
3/2/2024 7:00,N.Y.C.,61761,24.75,1.09,0,1
3/2/2024 7:00,NORTH,61755,24.32,0.66,0,1
3/2/2024 7:00,WEST,61752,21.65,-2.01,0,1
3/2/2024 7:15,CAPITL,61757,23.65,0.73,0,1
3/2/2024 7:15,CENTRL,61754,22.28,-0.64,0,1
3/2/2024 7:15,DUNWOD,61760,23.97,1.05,0,1
3/2/2024 7:15,GENESE,61753,21.34,-1.58,0,1
3/2/2024 7:15,HUD VL,61758,23.9,0.98,0,1
3/2/2024 7:15,LONGIL,61762,24.34,1.42,0,1
3/2/2024 7:15,MHK VL,61756,23.31,0.39,0,1
3/2/2024 7:15,MILLWD,61759,23.95,1.03,0,1
3/2/2024 7:15,N.Y.C.,61761,23.97,1.05,0,1
3/2/2024 7:15,NORTH,61755,23.56,0.64,0,1
3/2/2024 7:15,WEST,61752,20.92,-1.99,0,1
3/2/2024 7:30,CAPITL,61757,24,0.74,0,1
3/2/2024 7:30,CENTRL,61754,22.61,-0.65,0,1
3/2/2024 7:30,DUNWOD,61760,24.37,1.12,0,1
3/2/2024 7:30,GENESE,61753,21.72,-1.54,0,1
3/2/2024 7:30,HUD VL,61758,24.28,1.02,0,1
3/2/2024 7:30,LONGIL,61762,24.75,1.49,0,1
3/2/2024 7:30,MHK VL,61756,23.65,0.4,0,1
3/2/2024 7:30,MILLWD,61759,24.35,1.09,0,1
3/2/2024 7:30,N.Y.C.,61761,24.35,1.09,0,1
3/2/2024 7:30,NORTH,61755,23.91,0.65,0,1
3/2/2024 7:30,WEST,61752,21.33,-1.93,0,1
3/2/2024 7:45,CAPITL,61757,24.63,0.81,0,1
3/2/2024 7:45,CENTRL,61754,23.15,-0.67,0,1
3/2/2024 7:45,DUNWOD,61760,25.03,1.21,0,1
3/2/2024 7:45,GENESE,61753,22.32,-1.5,0,1
3/2/2024 7:45,HUD VL,61758,24.93,1.12,0,1
3/2/2024 7:45,LONGIL,61762,25.46,1.64,0,1
3/2/2024 7:45,MHK VL,61756,24.22,0.4,0,1
3/2/2024 7:45,MILLWD,61759,24.98,1.17,0,1
3/2/2024 7:45,N.Y.C.,61761,25.03,1.21,0,1
3/2/2024 7:45,NORTH,61755,24.46,0.64,0,1
3/2/2024 7:45,WEST,61752,21.91,-1.91,0,1
3/2/2024 8:00,CAPITL,61757,22.51,0.74,0,1
3/2/2024 8:00,CENTRL,61754,21.12,-0.65,0,1
3/2/2024 8:00,DUNWOD,61760,22.97,1.2,0,1
3/2/2024 8:00,GENESE,61753,20.23,-1.55,0,1
3/2/2024 8:00,HUD VL,61758,22.84,1.07,0,1
3/2/2024 8:00,LONGIL,61762,23.34,1.57,0,1
3/2/2024 8:00,MHK VL,61756,22.14,0.37,0,1
3/2/2024 8:00,MILLWD,61759,22.93,1.15,0,1
3/2/2024 8:00,N.Y.C.,61761,22.99,1.22,0,1
3/2/2024 8:00,NORTH,61755,22.34,0.57,0,1
3/2/2024 8:00,WEST,61752,19.7,-2.07,0,1
3/2/2024 8:15,CAPITL,61757,22.44,0.72,0,1
3/2/2024 8:15,CENTRL,61754,21.07,-0.65,0,1
3/2/2024 8:15,DUNWOD,61760,22.92,1.19,0,1
3/2/2024 8:15,GENESE,61753,20.18,-1.54,0,1
3/2/2024 8:15,HUD VL,61758,22.81,1.09,0,1
3/2/2024 8:15,LONGIL,61762,23.31,1.59,0,1
3/2/2024 8:15,MHK VL,61756,22.09,0.37,0,1
3/2/2024 8:15,MILLWD,61759,22.88,1.15,0,1
3/2/2024 8:15,N.Y.C.,61761,22.94,1.22,0,1
3/2/2024 8:15,NORTH,61755,22.29,0.56,0,1
3/2/2024 8:15,WEST,61752,19.66,-2.06,0,1
3/2/2024 8:30,CAPITL,61757,22.59,0.72,0,1
3/2/2024 8:30,CENTRL,61754,21.19,-0.68,0,1
3/2/2024 8:30,DUNWOD,61760,23.12,1.25,0,1
3/2/2024 8:30,GENESE,61753,20.32,-1.55,0,1
3/2/2024 8:30,HUD VL,61758,22.99,1.11,0,1
3/2/2024 8:30,LONGIL,61762,23.51,1.64,0,1
3/2/2024 8:30,MHK VL,61756,22.22,0.35,0,1
3/2/2024 8:30,MILLWD,61759,23.08,1.2,0,1
3/2/2024 8:30,N.Y.C.,61761,23.14,1.27,0,1
3/2/2024 8:30,NORTH,61755,22.44,0.57,0,1
3/2/2024 8:30,WEST,61752,19.79,-2.08,0,1
3/2/2024 8:45,CAPITL,61757,23.16,0.74,0,1
3/2/2024 8:45,CENTRL,61754,21.77,-0.65,0,1
3/2/2024 8:45,DUNWOD,61760,23.65,1.23,0,1
3/2/2024 8:45,GENESE,61753,20.9,-1.53,0,1
3/2/2024 8:45,HUD VL,61758,23.52,1.1,0,1
3/2/2024 8:45,LONGIL,61762,24.08,1.66,0,1
3/2/2024 8:45,MHK VL,61756,22.8,0.38,0,1
3/2/2024 8:45,MILLWD,61759,23.61,1.19,0,1
3/2/2024 8:45,N.Y.C.,61761,23.68,1.25,0,1
3/2/2024 8:45,NORTH,61755,23,0.58,0,1
3/2/2024 8:45,WEST,61752,20.43,-2,0,1
3/2/2024 9:00,CAPITL,61757,21.68,0.71,0,1
3/2/2024 9:00,CENTRL,61754,20.38,-0.59,0,1
3/2/2024 9:00,DUNWOD,61760,22.1,1.13,0,1
3/2/2024 9:00,GENESE,61753,19.56,-1.4,0,1
3/2/2024 9:00,HUD VL,61758,21.99,1.03,0,1
3/2/2024 9:00,LONGIL,61762,22.46,1.49,0,1
3/2/2024 9:00,MHK VL,61756,21.32,0.36,0,1
3/2/2024 9:00,MILLWD,61759,22.06,1.09,0,1
3/2/2024 9:00,N.Y.C.,61761,22.14,1.17,0,1
3/2/2024 9:00,NORTH,61755,21.47,0.5,0,1
3/2/2024 9:00,WEST,61752,19.1,-1.87,0,1
3/2/2024 9:15,CAPITL,61757,22.09,0.73,0,1
3/2/2024 9:15,CENTRL,61754,20.22,-0.68,0.46,1
3/2/2024 9:15,DUNWOD,61760,22.6,1.24,0,1
3/2/2024 9:15,GENESE,61753,19.15,-1.43,0.78,1
3/2/2024 9:15,HUD VL,61758,22.47,1.11,0,1
3/2/2024 9:15,LONGIL,61762,22.97,1.6,0,1
3/2/2024 9:15,MHK VL,61756,22.09,0.36,-0.36,1
3/2/2024 9:15,MILLWD,61759,22.56,1.2,0,1
3/2/2024 9:15,N.Y.C.,61761,22.67,1.3,0,1
3/2/2024 9:15,NORTH,61755,21.9,0.53,0,1
3/2/2024 9:15,WEST,61752,18.32,-1.9,1.14,1
3/2/2024 9:30,CAPITL,61757,22.38,0.69,0,1
3/2/2024 9:30,CENTRL,61754,21.03,-0.65,0,1
3/2/2024 9:30,DUNWOD,61760,22.92,1.24,0,1
3/2/2024 9:30,GENESE,61753,20.25,-1.43,0,1
3/2/2024 9:30,HUD VL,61758,22.79,1.11,0,1
3/2/2024 9:30,LONGIL,61762,23.29,1.6,0,1
3/2/2024 9:30,MHK VL,61756,22.03,0.35,0,1
3/2/2024 9:30,MILLWD,61759,22.87,1.19,0,1
3/2/2024 9:30,N.Y.C.,61761,22.96,1.28,0,1
3/2/2024 9:30,NORTH,61755,22.24,0.56,0,1
3/2/2024 9:30,WEST,61752,19.79,-1.89,0,1
3/2/2024 9:45,CAPITL,61757,22.53,0.7,0,1
3/2/2024 9:45,CENTRL,61754,21.22,-0.61,0,1
3/2/2024 9:45,DUNWOD,61760,23.03,1.2,0,1
3/2/2024 9:45,GENESE,61753,20.32,-1.51,0,1
3/2/2024 9:45,HUD VL,61758,22.9,1.07,0,1
3/2/2024 9:45,LONGIL,61762,23.4,1.57,0,1
3/2/2024 9:45,MHK VL,61756,22.2,0.37,0,1
3/2/2024 9:45,MILLWD,61759,22.97,1.13,0,1
3/2/2024 9:45,N.Y.C.,61761,23.03,1.2,0,1
3/2/2024 9:45,NORTH,61755,22.44,0.61,0,1
3/2/2024 9:45,WEST,61752,19.84,-1.99,0,1
3/2/2024 10:00,CAPITL,61757,21.64,0.71,0,1
3/2/2024 10:00,CENTRL,61754,20.3,-0.63,0,1
3/2/2024 10:00,DUNWOD,61760,22.07,1.15,0,1
3/2/2024 10:00,GENESE,61753,19.48,-1.44,0,1
3/2/2024 10:00,HUD VL,61758,21.95,1.03,0,1
3/2/2024 10:00,LONGIL,61762,22.41,1.49,0,1
3/2/2024 10:00,MHK VL,61756,21.28,0.36,0,1
3/2/2024 10:00,MILLWD,61759,22.01,1.09,0,1
3/2/2024 10:00,N.Y.C.,61761,22.1,1.17,0,1
3/2/2024 10:00,NORTH,61755,21.47,0.54,0,1
3/2/2024 10:00,WEST,61752,18.98,-1.95,0,1
3/2/2024 10:15,CAPITL,61757,21.97,0.7,0,1
3/2/2024 10:15,CENTRL,61754,20.69,-0.57,0,1
3/2/2024 10:15,DUNWOD,61760,22.48,1.21,0,1
3/2/2024 10:15,GENESE,61753,19.88,-1.38,0,1
3/2/2024 10:15,HUD VL,61758,22.35,1.08,0,1
3/2/2024 10:15,LONGIL,61762,22.9,1.64,0,1
3/2/2024 10:15,MHK VL,61756,21.65,0.38,0,1
3/2/2024 10:15,MILLWD,61759,22.41,1.15,0,1
3/2/2024 10:15,N.Y.C.,61761,22.52,1.25,0,1
3/2/2024 10:15,NORTH,61755,21.8,0.53,0,1
3/2/2024 10:15,WEST,61752,19.44,-1.83,0,1
3/2/2024 10:30,CAPITL,61757,22.56,0.76,0,1
3/2/2024 10:30,CENTRL,61754,21.13,-0.68,0,1
3/2/2024 10:30,DUNWOD,61760,23.04,1.24,0,1
3/2/2024 10:30,GENESE,61753,20.27,-1.53,0,1
3/2/2024 10:30,HUD VL,61758,22.91,1.11,0,1
3/2/2024 10:30,LONGIL,61762,26.74,1.68,-3.26,1
3/2/2024 10:30,MHK VL,61756,22.17,0.37,0,1
3/2/2024 10:30,MILLWD,61759,22.98,1.18,0,1
3/2/2024 10:30,N.Y.C.,61761,23.07,1.26,0,1
3/2/2024 10:30,NORTH,61755,22.3,0.5,0,1
3/2/2024 10:30,WEST,61752,19.82,-1.98,0,1
3/2/2024 10:45,CAPITL,61757,23.39,0.79,0,1
3/2/2024 10:45,CENTRL,61754,21.99,-0.61,0,1
3/2/2024 10:45,DUNWOD,61760,23.82,1.22,0,1
3/2/2024 10:45,GENESE,61753,21.04,-1.56,0,1
3/2/2024 10:45,HUD VL,61758,23.68,1.08,0,1
3/2/2024 10:45,LONGIL,61762,26.77,1.7,-2.48,1
3/2/2024 10:45,MHK VL,61756,23.01,0.41,0,1
3/2/2024 10:45,MILLWD,61759,23.77,1.17,0,1
3/2/2024 10:45,N.Y.C.,61761,23.82,1.22,0,1
3/2/2024 10:45,NORTH,61755,23.09,0.5,0,1
3/2/2024 10:45,WEST,61752,20.59,-2.01,0,1
3/2/2024 11:00,CAPITL,61757,23.36,0.79,0,1
3/2/2024 11:00,CENTRL,61754,21.96,-0.61,0,1
3/2/2024 11:00,DUNWOD,61760,23.81,1.24,0,1
3/2/2024 11:00,GENESE,61753,21.03,-1.54,0,1
3/2/2024 11:00,HUD VL,61758,23.68,1.11,0,1
3/2/2024 11:00,LONGIL,61762,26.35,1.71,-2.07,1
3/2/2024 11:00,MHK VL,61756,22.98,0.41,0,1
3/2/2024 11:00,MILLWD,61759,23.76,1.2,0,1
3/2/2024 11:00,N.Y.C.,61761,23.81,1.24,0,1
3/2/2024 11:00,NORTH,61755,23.07,0.5,0,1
3/2/2024 11:00,WEST,61752,20.58,-1.99,0,1
3/2/2024 11:15,CAPITL,61757,23.34,0.77,0,1
3/2/2024 11:15,CENTRL,61754,22.01,-0.56,0,1
3/2/2024 11:15,DUNWOD,61760,23.81,1.24,0,1
3/2/2024 11:15,GENESE,61753,21.08,-1.49,0,1
3/2/2024 11:15,HUD VL,61758,23.68,1.11,0,1
3/2/2024 11:15,LONGIL,61762,26.37,1.74,-2.06,1
3/2/2024 11:15,MHK VL,61756,23,0.43,0,1
3/2/2024 11:15,MILLWD,61759,23.76,1.2,0,1
3/2/2024 11:15,N.Y.C.,61761,23.83,1.26,0,1
3/2/2024 11:15,NORTH,61755,23.09,0.52,0,1
3/2/2024 11:15,WEST,61752,20.67,-1.9,0,1
3/2/2024 11:30,CAPITL,61757,23.42,0.77,0,1
3/2/2024 11:30,CENTRL,61754,22.04,-0.61,0,1
3/2/2024 11:30,DUNWOD,61760,23.92,1.27,0,1
3/2/2024 11:30,GENESE,61753,21.09,-1.56,0,1
3/2/2024 11:30,HUD VL,61758,23.78,1.13,0,1
3/2/2024 11:30,LONGIL,61762,26.35,1.77,-1.93,1
3/2/2024 11:30,MHK VL,61756,23.06,0.41,0,1
3/2/2024 11:30,MILLWD,61759,23.88,1.22,0,1
3/2/2024 11:30,N.Y.C.,61761,23.97,1.31,0,1
3/2/2024 11:30,NORTH,61755,23.2,0.54,0,1
3/2/2024 11:30,WEST,61752,20.66,-1.99,0,1
3/2/2024 11:45,CAPITL,61757,24.03,0.79,0,1
3/2/2024 11:45,CENTRL,61754,22.68,-0.56,0,1
3/2/2024 11:45,DUNWOD,61760,24.51,1.28,0,1
3/2/2024 11:45,GENESE,61753,21.73,-1.51,0,1
3/2/2024 11:45,HUD VL,61758,24.4,1.16,0,1
3/2/2024 11:45,LONGIL,61762,26.35,1.79,-1.33,1
3/2/2024 11:45,MHK VL,61756,23.63,0.39,0,1
3/2/2024 11:45,MILLWD,61759,24.47,1.23,0,1
3/2/2024 11:45,N.Y.C.,61761,24.54,1.3,0,1
3/2/2024 11:45,NORTH,61755,23.79,0.56,0,1
3/2/2024 11:45,WEST,61752,21.33,-1.9,0,1
3/2/2024 12:00,CAPITL,61757,25.55,0.86,0,1
3/2/2024 12:00,CENTRL,61754,24.02,-0.67,0,1
3/2/2024 12:00,DUNWOD,61760,26.02,1.33,0,1
3/2/2024 12:00,GENESE,61753,22.99,-1.7,0,1
3/2/2024 12:00,HUD VL,61758,25.9,1.21,0,1
3/2/2024 12:00,LONGIL,61762,26.5,1.8,-0.01,1
3/2/2024 12:00,MHK VL,61756,25.06,0.37,0,1
3/2/2024 12:00,MILLWD,61759,25.97,1.28,0,1
3/2/2024 12:00,N.Y.C.,61761,26.02,1.33,0,1
3/2/2024 12:00,NORTH,61755,25.33,0.64,0,1
3/2/2024 12:00,WEST,61752,22.54,-2.15,0,1
3/2/2024 12:15,CAPITL,61757,25.34,0.86,0,1
3/2/2024 12:15,CENTRL,61754,23.83,-0.66,0,1
3/2/2024 12:15,DUNWOD,61760,25.81,1.32,0,1
3/2/2024 12:15,GENESE,61753,22.77,-1.71,0,1
3/2/2024 12:15,HUD VL,61758,25.69,1.2,0,1
3/2/2024 12:15,LONGIL,61762,26.36,1.81,-0.06,1
3/2/2024 12:15,MHK VL,61756,24.86,0.37,0,1
3/2/2024 12:15,MILLWD,61759,25.74,1.25,0,1
3/2/2024 12:15,N.Y.C.,61761,25.78,1.3,0,1
3/2/2024 12:15,NORTH,61755,25.15,0.66,0,1
3/2/2024 12:15,WEST,61752,22.33,-2.16,0,1
3/2/2024 12:30,CAPITL,61757,25.98,0.9,0,1
3/2/2024 12:30,CENTRL,61754,24.35,-0.73,0,1
3/2/2024 12:30,DUNWOD,61760,26.45,1.38,0,1
3/2/2024 12:30,GENESE,61753,23.24,-1.83,0,1
3/2/2024 12:30,HUD VL,61758,26.33,1.25,0,1
3/2/2024 12:30,LONGIL,61762,26.93,1.86,0,1
3/2/2024 12:30,MHK VL,61756,25.42,0.35,0,1
3/2/2024 12:30,MILLWD,61759,26.4,1.33,0,1
3/2/2024 12:30,N.Y.C.,61761,26.45,1.38,0,1
3/2/2024 12:30,NORTH,61755,25.75,0.68,0,1
3/2/2024 12:30,WEST,61752,22.77,-2.31,0,1
3/2/2024 12:45,CAPITL,61757,25.84,0.92,0,1
3/2/2024 12:45,CENTRL,61754,24.22,-0.7,0,1
3/2/2024 12:45,DUNWOD,61760,26.31,1.39,0,1
3/2/2024 12:45,GENESE,61753,23.15,-1.77,0,1
3/2/2024 12:45,HUD VL,61758,26.19,1.27,0,1
3/2/2024 12:45,LONGIL,61762,26.81,1.89,0,1
3/2/2024 12:45,MHK VL,61756,25.27,0.35,0,1
3/2/2024 12:45,MILLWD,61759,26.26,1.34,0,1
3/2/2024 12:45,N.Y.C.,61761,26.34,1.42,0,1
3/2/2024 12:45,NORTH,61755,25.57,0.65,0,1
3/2/2024 12:45,WEST,61752,22.73,-2.19,0,1
3/2/2024 13:00,CAPITL,61757,26.97,0.96,0,1
3/2/2024 13:00,CENTRL,61754,25.36,-0.65,0,1
3/2/2024 13:00,DUNWOD,61760,27.41,1.4,0,1
3/2/2024 13:00,GENESE,61753,24.27,-1.74,0,1
3/2/2024 13:00,HUD VL,61758,27.29,1.27,0,1
3/2/2024 13:00,LONGIL,61762,27.89,1.87,0,1
3/2/2024 13:00,MHK VL,61756,26.4,0.39,0,1
3/2/2024 13:00,MILLWD,61759,27.36,1.35,0,1
3/2/2024 13:00,N.Y.C.,61761,27.44,1.43,0,1
3/2/2024 13:00,NORTH,61755,26.66,0.65,0,1
3/2/2024 13:00,WEST,61752,23.88,-2.13,0,1
3/2/2024 13:15,CAPITL,61757,26.95,0.96,0,1
3/2/2024 13:15,CENTRL,61754,25.26,-0.73,0,1
3/2/2024 13:15,DUNWOD,61760,27.44,1.45,0,1
3/2/2024 13:15,GENESE,61753,24.25,-1.74,0,1
3/2/2024 13:15,HUD VL,61758,27.29,1.3,0,1
3/2/2024 13:15,LONGIL,61762,27.86,1.87,0,1
3/2/2024 13:15,MHK VL,61756,26.38,0.39,0,1
3/2/2024 13:15,MILLWD,61759,27.36,1.38,0,1
3/2/2024 13:15,N.Y.C.,61761,27.44,1.45,0,1
3/2/2024 13:15,NORTH,61755,26.64,0.65,0,1
3/2/2024 13:15,WEST,61752,23.86,-2.13,0,1
3/2/2024 13:30,CAPITL,61757,32.29,1.15,0,1
3/2/2024 13:30,CENTRL,61754,30.26,-0.87,0,1
3/2/2024 13:30,DUNWOD,61760,32.78,1.65,0,1
3/2/2024 13:30,GENESE,61753,29.05,-2.09,0,1
3/2/2024 13:30,HUD VL,61758,32.66,1.53,0,1
3/2/2024 13:30,LONGIL,61762,33.22,2.09,0,1
3/2/2024 13:30,MHK VL,61756,31.63,0.5,0,1
3/2/2024 13:30,MILLWD,61759,32.72,1.59,0,1
3/2/2024 13:30,N.Y.C.,61761,32.78,1.65,0,1
3/2/2024 13:30,NORTH,61755,31.94,0.81,0,1
3/2/2024 13:30,WEST,61752,28.55,-2.58,0,1
3/2/2024 13:45,CAPITL,61757,34.88,1.21,0,1
3/2/2024 13:45,CENTRL,61754,32.76,-0.91,0,1
3/2/2024 13:45,DUNWOD,61760,35.35,1.68,0,1
3/2/2024 13:45,GENESE,61753,31.41,-2.26,0,1
3/2/2024 13:45,HUD VL,61758,35.22,1.55,0,1
3/2/2024 13:45,LONGIL,61762,35.79,2.12,0,1
3/2/2024 13:45,MHK VL,61756,34.24,0.57,0,1
3/2/2024 13:45,MILLWD,61759,35.29,1.62,0,1
3/2/2024 13:45,N.Y.C.,61761,35.32,1.65,0,1
3/2/2024 13:45,NORTH,61755,34.61,0.94,0,1
3/2/2024 13:45,WEST,61752,30.91,-2.76,0,1
3/2/2024 14:00,CAPITL,61757,29.81,1.01,0,1
3/2/2024 14:00,CENTRL,61754,28.09,-0.72,0,1
3/2/2024 14:00,DUNWOD,61760,30.22,1.41,0,1
3/2/2024 14:00,GENESE,61753,26.9,-1.9,0,1
3/2/2024 14:00,HUD VL,61758,30.07,1.27,0,1
3/2/2024 14:00,LONGIL,61762,30.68,1.87,0,1
3/2/2024 14:00,MHK VL,61756,29.35,0.55,0,1
3/2/2024 14:00,MILLWD,61759,30.16,1.35,0,1
3/2/2024 14:00,N.Y.C.,61761,30.25,1.44,0,1
3/2/2024 14:00,NORTH,61755,29.73,0.92,0,1
3/2/2024 14:00,WEST,61752,26.56,-2.25,0,1
3/2/2024 14:15,CAPITL,61757,34.98,1.15,0,1
3/2/2024 14:15,CENTRL,61754,32.92,-0.91,0,1
3/2/2024 14:15,DUNWOD,61760,35.56,1.72,0,1
3/2/2024 14:15,GENESE,61753,31.6,-2.23,0,1
3/2/2024 14:15,HUD VL,61758,35.39,1.56,0,1
3/2/2024 14:15,LONGIL,61762,36.07,2.23,0,1
3/2/2024 14:15,MHK VL,61756,34.54,0.71,0,1
3/2/2024 14:15,MILLWD,61759,35.46,1.62,0,1
3/2/2024 14:15,N.Y.C.,61761,35.52,1.69,0,1
3/2/2024 14:15,NORTH,61755,34.91,1.08,0,1
3/2/2024 14:15,WEST,61752,31.12,-2.71,0,1
3/2/2024 14:30,CAPITL,61757,32.01,1.11,0,1
3/2/2024 14:30,CENTRL,61754,30.13,-0.77,0,1
3/2/2024 14:30,DUNWOD,61760,32.53,1.64,0,1
3/2/2024 14:30,GENESE,61753,28.89,-2.01,0,1
3/2/2024 14:30,HUD VL,61758,32.38,1.48,0,1
3/2/2024 14:30,LONGIL,61762,33,2.1,0,1
3/2/2024 14:30,MHK VL,61756,31.51,0.62,0,1
3/2/2024 14:30,MILLWD,61759,32.44,1.54,0,1
3/2/2024 14:30,N.Y.C.,61761,32.53,1.64,0,1
3/2/2024 14:30,NORTH,61755,31.58,0.68,0,1
3/2/2024 14:30,WEST,61752,28.46,-2.44,0,1
3/2/2024 14:45,CAPITL,61757,35.91,1.21,0,1
3/2/2024 14:45,CENTRL,61754,33.87,-0.83,0,1
3/2/2024 14:45,DUNWOD,61760,36.37,1.67,0,1
3/2/2024 14:45,GENESE,61753,32.44,-2.25,0,1
3/2/2024 14:45,HUD VL,61758,36.22,1.53,0,1
3/2/2024 14:45,LONGIL,61762,36.89,2.19,0,1
3/2/2024 14:45,MHK VL,61756,35.43,0.73,0,1
3/2/2024 14:45,MILLWD,61759,36.26,1.56,0,1
3/2/2024 14:45,N.Y.C.,61761,36.3,1.6,0,1
3/2/2024 14:45,NORTH,61755,35.91,1.21,0,1
3/2/2024 14:45,WEST,61752,32.03,-2.67,0,1
3/2/2024 15:00,CAPITL,61757,27.31,0.9,0,1
3/2/2024 15:00,CENTRL,61754,25.73,-0.69,0,1
3/2/2024 15:00,DUNWOD,61760,27.65,1.24,0,1
3/2/2024 15:00,GENESE,61753,24.62,-1.8,0,1
3/2/2024 15:00,HUD VL,61758,27.57,1.16,0,1
3/2/2024 15:00,LONGIL,61762,28.08,1.66,0,1
3/2/2024 15:00,MHK VL,61756,26.97,0.56,0,1
3/2/2024 15:00,MILLWD,61759,27.6,1.19,0,1
3/2/2024 15:00,N.Y.C.,61761,27.68,1.27,0,1
3/2/2024 15:00,NORTH,61755,27.39,0.98,0,1
3/2/2024 15:00,WEST,61752,24.27,-2.14,0,1
3/2/2024 15:15,CAPITL,61757,26.46,0.87,0,1
3/2/2024 15:15,CENTRL,61754,25,-0.59,0,1
3/2/2024 15:15,DUNWOD,61760,26.79,1.2,0,1
3/2/2024 15:15,GENESE,61753,23.93,-1.66,0,1
3/2/2024 15:15,HUD VL,61758,26.69,1.1,0,1
3/2/2024 15:15,LONGIL,61762,27.18,1.59,0,1
3/2/2024 15:15,MHK VL,61756,26.13,0.54,0,1
3/2/2024 15:15,MILLWD,61759,26.74,1.15,0,1
3/2/2024 15:15,N.Y.C.,61761,26.82,1.23,0,1
3/2/2024 15:15,NORTH,61755,26.54,0.95,0,1
3/2/2024 15:15,WEST,61752,23.62,-1.97,0,1
3/2/2024 15:30,CAPITL,61757,30.2,0.99,0,1
3/2/2024 15:30,CENTRL,61754,28.48,-0.73,0,1
3/2/2024 15:30,DUNWOD,61760,30.67,1.46,0,1
3/2/2024 15:30,GENESE,61753,27.34,-1.87,0,1
3/2/2024 15:30,HUD VL,61758,30.53,1.32,0,1
3/2/2024 15:30,LONGIL,61762,31.11,1.9,0,1
3/2/2024 15:30,MHK VL,61756,29.85,0.64,0,1
3/2/2024 15:30,MILLWD,61759,30.58,1.37,0,1
3/2/2024 15:30,N.Y.C.,61761,30.67,1.46,0,1
3/2/2024 15:30,NORTH,61755,30.09,0.88,0,1
3/2/2024 15:30,WEST,61752,26.96,-2.25,0,1
3/2/2024 15:45,CAPITL,61757,35.91,1.21,0,1
3/2/2024 15:45,CENTRL,61754,33.83,-0.87,0,1
3/2/2024 15:45,DUNWOD,61760,36.33,1.63,0,1
3/2/2024 15:45,GENESE,61753,32.37,-2.32,0,1
3/2/2024 15:45,HUD VL,61758,36.22,1.53,0,1
3/2/2024 15:45,LONGIL,61762,36.85,2.15,0,1
3/2/2024 15:45,MHK VL,61756,35.46,0.76,0,1
3/2/2024 15:45,MILLWD,61759,36.26,1.56,0,1
3/2/2024 15:45,N.Y.C.,61761,36.3,1.6,0,1
3/2/2024 15:45,NORTH,61755,35.78,1.08,0,1
3/2/2024 15:45,WEST,61752,31.89,-2.81,0,1
3/2/2024 16:00,CAPITL,61757,29.9,1.07,0,1
3/2/2024 16:00,CENTRL,61754,28.2,-0.63,0,1
3/2/2024 16:00,DUNWOD,61760,30.25,1.41,0,1
3/2/2024 16:00,GENESE,61753,26.9,-1.93,0,1
3/2/2024 16:00,HUD VL,61758,30.13,1.3,0,1
3/2/2024 16:00,LONGIL,61762,30.77,1.93,0,1
3/2/2024 16:00,MHK VL,61756,29.44,0.61,0,1
3/2/2024 16:00,MILLWD,61759,30.16,1.33,0,1
3/2/2024 16:00,N.Y.C.,61761,30.22,1.38,0,1
3/2/2024 16:00,NORTH,61755,29.61,0.78,0,1
3/2/2024 16:00,WEST,61752,26.5,-2.33,0,1
3/2/2024 16:15,CAPITL,61757,30.06,1.02,0,1
3/2/2024 16:15,CENTRL,61754,28.46,-0.58,0,1
3/2/2024 16:15,DUNWOD,61760,30.4,1.37,0,1
3/2/2024 16:15,GENESE,61753,27.09,-1.95,0,1
3/2/2024 16:15,HUD VL,61758,30.29,1.25,0,1
3/2/2024 16:15,LONGIL,61762,30.93,1.89,0,1
3/2/2024 16:15,MHK VL,61756,29.71,0.67,0,1
3/2/2024 16:15,MILLWD,61759,30.35,1.31,0,1
3/2/2024 16:15,N.Y.C.,61761,30.35,1.31,0,1
3/2/2024 16:15,NORTH,61755,29.88,0.84,0,1
3/2/2024 16:15,WEST,61752,26.72,-2.32,0,1
3/2/2024 16:30,CAPITL,61757,36.37,1.26,0,1
3/2/2024 16:30,CENTRL,61754,34.51,-0.6,0,1
3/2/2024 16:30,DUNWOD,61760,36.69,1.58,0,1
3/2/2024 16:30,GENESE,61753,32.86,-2.25,0,1
3/2/2024 16:30,HUD VL,61758,36.62,1.51,0,1
3/2/2024 16:30,LONGIL,61762,37.32,2.21,0,1
3/2/2024 16:30,MHK VL,61756,35.95,0.84,0,1
3/2/2024 16:30,MILLWD,61759,36.65,1.54,0,1
3/2/2024 16:30,N.Y.C.,61761,36.62,1.51,0,1
3/2/2024 16:30,NORTH,61755,36.09,0.98,0,1
3/2/2024 16:30,WEST,61752,32.41,-2.7,0,1
3/2/2024 16:45,CAPITL,61757,37.48,1.34,0,1
3/2/2024 16:45,CENTRL,61754,35.49,-0.65,0,1
3/2/2024 16:45,DUNWOD,61760,37.81,1.66,0,1
3/2/2024 16:45,GENESE,61753,33.79,-2.35,0,1
3/2/2024 16:45,HUD VL,61758,37.7,1.55,0,1
3/2/2024 16:45,LONGIL,61762,38.46,2.32,0,1
3/2/2024 16:45,MHK VL,61756,37.08,0.94,0,1
3/2/2024 16:45,MILLWD,61759,37.73,1.59,0,1
3/2/2024 16:45,N.Y.C.,61761,37.73,1.59,0,1
3/2/2024 16:45,NORTH,61755,37.12,0.98,0,1
3/2/2024 16:45,WEST,61752,33.29,-2.86,0,1
3/2/2024 17:00,CAPITL,61757,25.69,1.06,0,1
3/2/2024 17:00,CENTRL,61754,24.37,-0.27,0,1
3/2/2024 17:00,DUNWOD,61760,25.97,1.33,0,1
3/2/2024 17:00,GENESE,61753,23.13,-1.5,0,1
3/2/2024 17:00,HUD VL,61758,25.89,1.26,0,1
3/2/2024 17:00,LONGIL,61762,26.53,1.9,0,1
3/2/2024 17:00,MHK VL,61756,25.4,0.76,0,1
3/2/2024 17:00,MILLWD,61759,25.92,1.28,0,1
3/2/2024 17:00,N.Y.C.,61761,25.97,1.33,0,1
3/2/2024 17:00,NORTH,61755,25.15,0.52,0,1
3/2/2024 17:00,WEST,61752,22.79,-1.85,0,1
3/2/2024 17:15,CAPITL,61757,34.69,1.46,0,1
3/2/2024 17:15,CENTRL,61754,32.76,-0.47,0,1
3/2/2024 17:15,DUNWOD,61760,35.09,1.86,0,1
3/2/2024 17:15,GENESE,61753,31.07,-2.16,0,1
3/2/2024 17:15,HUD VL,61758,34.95,1.73,0,1
3/2/2024 17:15,LONGIL,61762,35.82,2.59,0,1
3/2/2024 17:15,MHK VL,61756,34.29,1.06,0,1
3/2/2024 17:15,MILLWD,61759,35.02,1.79,0,1
3/2/2024 17:15,N.Y.C.,61761,35.05,1.83,0,1
3/2/2024 17:15,NORTH,61755,33.93,0.7,0,1
3/2/2024 17:15,WEST,61752,30.47,-2.76,0,1
3/2/2024 17:30,CAPITL,61757,34.84,1.47,0,1
3/2/2024 17:30,CENTRL,61754,32.91,-0.47,0,1
3/2/2024 17:30,DUNWOD,61760,35.17,1.8,0,1
3/2/2024 17:30,GENESE,61753,31.24,-2.14,0,1
3/2/2024 17:30,HUD VL,61758,35.07,1.7,0,1
3/2/2024 17:30,LONGIL,61762,35.91,2.54,0,1
3/2/2024 17:30,MHK VL,61756,34.47,1.1,0,1
3/2/2024 17:30,MILLWD,61759,35.11,1.73,0,1
3/2/2024 17:30,N.Y.C.,61761,35.11,1.73,0,1
3/2/2024 17:30,NORTH,61755,34.17,0.8,0,1
3/2/2024 17:30,WEST,61752,30.67,-2.7,0,1
3/2/2024 17:45,CAPITL,61757,34.84,1.44,0,1
3/2/2024 17:45,CENTRL,61754,32.94,-0.47,0,1
3/2/2024 17:45,DUNWOD,61760,35.17,1.77,0,1
3/2/2024 17:45,GENESE,61753,31.23,-2.17,0,1
3/2/2024 17:45,HUD VL,61758,35.07,1.67,0,1
3/2/2024 17:45,LONGIL,61762,41.36,2.54,-5.42,1
3/2/2024 17:45,MHK VL,61756,34.51,1.1,0,1
3/2/2024 17:45,MILLWD,61759,35.11,1.7,0,1
3/2/2024 17:45,N.Y.C.,61761,34.99,1.64,0.05,1
3/2/2024 17:45,NORTH,61755,34.27,0.87,0,1
3/2/2024 17:45,WEST,61752,30.7,-2.7,0,1
3/2/2024 18:00,CAPITL,61757,37.5,1.58,0,1
3/2/2024 18:00,CENTRL,61754,35.49,-0.43,0,1
3/2/2024 18:00,DUNWOD,61760,38.07,2.16,0,1
3/2/2024 18:00,GENESE,61753,33.83,-2.08,0,1
3/2/2024 18:00,HUD VL,61758,37.93,2.01,0,1
3/2/2024 18:00,LONGIL,61762,41.41,2.98,-2.51,1
3/2/2024 18:00,MHK VL,61756,37.14,1.22,0,1
3/2/2024 18:00,MILLWD,61759,37.97,2.05,0,1
3/2/2024 18:00,N.Y.C.,61761,37.82,2.05,0.15,1
3/2/2024 18:00,NORTH,61755,36.71,0.79,0,1
3/2/2024 18:00,WEST,61752,33.33,-2.59,0,1
3/2/2024 18:15,CAPITL,61757,34.55,1.42,0,1
3/2/2024 18:15,CENTRL,61754,32.83,-0.3,0,1
3/2/2024 18:15,DUNWOD,61760,35.12,1.99,0,1
3/2/2024 18:15,GENESE,61753,31.21,-1.92,0,1
3/2/2024 18:15,HUD VL,61758,34.95,1.82,0,1
3/2/2024 18:15,LONGIL,61762,35.81,2.68,0,1
3/2/2024 18:15,MHK VL,61756,34.29,1.16,0,1
3/2/2024 18:15,MILLWD,61759,35.02,1.89,0,1
3/2/2024 18:15,N.Y.C.,61761,35.05,1.92,0,1
3/2/2024 18:15,NORTH,61755,33.86,0.73,0,1
3/2/2024 18:15,WEST,61752,30.78,-2.35,0,1
3/2/2024 18:30,CAPITL,61757,34.74,1.43,0,1
3/2/2024 18:30,CENTRL,61754,32.98,-0.33,0,1
3/2/2024 18:30,DUNWOD,61760,35.31,2,0,1
3/2/2024 18:30,GENESE,61753,31.41,-1.9,0,1
3/2/2024 18:30,HUD VL,61758,35.17,1.86,0,1
3/2/2024 18:30,LONGIL,61762,36.07,2.76,0,1
3/2/2024 18:30,MHK VL,61756,34.44,1.13,0,1
3/2/2024 18:30,MILLWD,61759,35.24,1.93,0,1
3/2/2024 18:30,N.Y.C.,61761,35.2,1.96,0.07,1
3/2/2024 18:30,NORTH,61755,34.08,0.77,0,1
3/2/2024 18:30,WEST,61752,30.94,-2.36,0,1
3/2/2024 18:45,CAPITL,61757,32.26,1.33,0,1
3/2/2024 18:45,CENTRL,61754,30.68,-0.25,0,1
3/2/2024 18:45,DUNWOD,61760,32.75,1.82,0,1
3/2/2024 18:45,GENESE,61753,29.2,-1.73,0,1
3/2/2024 18:45,HUD VL,61758,32.63,1.7,0,1
3/2/2024 18:45,LONGIL,61762,33.37,2.44,0,1
3/2/2024 18:45,MHK VL,61756,31.98,1.05,0,1
3/2/2024 18:45,MILLWD,61759,32.66,1.73,0,1
3/2/2024 18:45,N.Y.C.,61761,32.69,1.76,0,1
3/2/2024 18:45,NORTH,61755,31.58,0.65,0,1
3/2/2024 18:45,WEST,61752,28.76,-2.17,0,1
3/2/2024 19:00,CAPITL,61757,37.9,1.32,0,1
3/2/2024 19:00,CENTRL,61754,36,-0.59,0,1
3/2/2024 19:00,DUNWOD,61760,38.3,1.72,0,1
3/2/2024 19:00,GENESE,61753,34.35,-2.23,0,1
3/2/2024 19:00,HUD VL,61758,38.19,1.61,0,1
3/2/2024 19:00,LONGIL,61762,39.14,2.56,0,1
3/2/2024 19:00,MHK VL,61756,37.68,1.1,0,1
3/2/2024 19:00,MILLWD,61759,38.23,1.65,0,1
3/2/2024 19:00,N.Y.C.,61761,38.15,1.57,0,1
3/2/2024 19:00,NORTH,61755,37.75,1.17,0,1
3/2/2024 19:00,WEST,61752,33.84,-2.74,0,1
3/2/2024 19:15,CAPITL,61757,33.43,1.13,0,1
3/2/2024 19:15,CENTRL,61754,31.78,-0.52,0,1
3/2/2024 19:15,DUNWOD,61760,33.81,1.52,0,1
3/2/2024 19:15,GENESE,61753,30.39,-1.91,0,1
3/2/2024 19:15,HUD VL,61758,33.72,1.42,0,1
3/2/2024 19:15,LONGIL,61762,34.52,2.23,0,1
3/2/2024 19:15,MHK VL,61756,33.26,0.97,0,1
3/2/2024 19:15,MILLWD,61759,33.75,1.45,0,1
3/2/2024 19:15,N.Y.C.,61761,33.68,1.39,0,1
3/2/2024 19:15,NORTH,61755,33.36,1.06,0,1
3/2/2024 19:15,WEST,61752,30,-2.29,0,1
3/2/2024 19:30,CAPITL,61757,32.89,1.11,0,1
3/2/2024 19:30,CENTRL,61754,31.3,-0.48,0,1
3/2/2024 19:30,DUNWOD,61760,33.27,1.49,0,1
3/2/2024 19:30,GENESE,61753,29.8,-1.97,0,1
3/2/2024 19:30,HUD VL,61758,33.14,1.37,0,1
3/2/2024 19:30,LONGIL,61762,33.94,2.16,0,1
3/2/2024 19:30,MHK VL,61756,32.73,0.95,0,1
3/2/2024 19:30,MILLWD,61759,33.21,1.43,0,1
3/2/2024 19:30,N.Y.C.,61761,33.17,1.4,0,1
3/2/2024 19:30,NORTH,61755,32.73,0.95,0,1
3/2/2024 19:30,WEST,61752,29.33,-2.45,0,1
3/2/2024 19:45,CAPITL,61757,30.23,1.02,0,1
3/2/2024 19:45,CENTRL,61754,28.78,-0.44,0,1
3/2/2024 19:45,DUNWOD,61760,30.56,1.34,0,1
3/2/2024 19:45,GENESE,61753,27.43,-1.78,0,1
3/2/2024 19:45,HUD VL,61758,30.47,1.26,0,1
3/2/2024 19:45,LONGIL,61762,31.17,1.96,0,1
3/2/2024 19:45,MHK VL,61756,30.06,0.85,0,1
3/2/2024 19:45,MILLWD,61759,30.5,1.28,0,1
3/2/2024 19:45,N.Y.C.,61761,30.5,1.28,0,1
3/2/2024 19:45,NORTH,61755,30.06,0.85,0,1
3/2/2024 19:45,WEST,61752,27.05,-2.16,0,1
3/2/2024 20:00,CAPITL,61757,36.95,1.15,0,1
3/2/2024 20:00,CENTRL,61754,35.23,-0.57,0,1
3/2/2024 20:00,DUNWOD,61760,37.31,1.5,0,1
3/2/2024 20:00,GENESE,61753,33.66,-2.15,0,1
3/2/2024 20:00,HUD VL,61758,37.2,1.4,0,1
3/2/2024 20:00,LONGIL,61762,38.13,2.33,0,1
3/2/2024 20:00,MHK VL,61756,36.88,1.07,0,1
3/2/2024 20:00,MILLWD,61759,37.24,1.43,0,1
3/2/2024 20:00,N.Y.C.,61761,37.17,1.36,0,1
3/2/2024 20:00,NORTH,61755,37.06,1.25,0,1
3/2/2024 20:00,WEST,61752,33.23,-2.58,0,1
3/2/2024 20:15,CAPITL,61757,36.92,1.11,0,1
3/2/2024 20:15,CENTRL,61754,35.23,-0.57,0,1
3/2/2024 20:15,DUNWOD,61760,37.24,1.43,0,1
3/2/2024 20:15,GENESE,61753,33.66,-2.15,0,1
3/2/2024 20:15,HUD VL,61758,37.17,1.36,0,1
3/2/2024 20:15,LONGIL,61762,38.07,2.26,0,1
3/2/2024 20:15,MHK VL,61756,36.85,1.04,0,1
3/2/2024 20:15,MILLWD,61759,37.2,1.4,0,1
3/2/2024 20:15,N.Y.C.,61761,37.13,1.33,0,1
3/2/2024 20:15,NORTH,61755,37.06,1.25,0,1
3/2/2024 20:15,WEST,61752,33.27,-2.54,0,1
3/2/2024 20:30,CAPITL,61757,35.01,1.09,0,1
3/2/2024 20:30,CENTRL,61754,33.28,-0.65,0,1
3/2/2024 20:30,DUNWOD,61760,35.38,1.46,0,1
3/2/2024 20:30,GENESE,61753,31.79,-2.14,0,1
3/2/2024 20:30,HUD VL,61758,35.24,1.32,0,1
3/2/2024 20:30,LONGIL,61762,36.1,2.17,0,1
3/2/2024 20:30,MHK VL,61756,34.87,0.95,0,1
3/2/2024 20:30,MILLWD,61759,35.28,1.36,0,1
3/2/2024 20:30,N.Y.C.,61761,35.31,1.39,0,1
3/2/2024 20:30,NORTH,61755,35.08,1.15,0,1
3/2/2024 20:30,WEST,61752,31.34,-2.58,0,1
3/2/2024 20:45,CAPITL,61757,29.08,0.9,0,1
3/2/2024 20:45,CENTRL,61754,27.62,-0.56,0,1
3/2/2024 20:45,DUNWOD,61760,29.45,1.27,0,1
3/2/2024 20:45,GENESE,61753,26.46,-1.72,0,1
3/2/2024 20:45,HUD VL,61758,29.34,1.16,0,1
3/2/2024 20:45,LONGIL,61762,30.04,1.86,0,1
3/2/2024 20:45,MHK VL,61756,28.94,0.76,0,1
3/2/2024 20:45,MILLWD,61759,29.36,1.18,0,1
3/2/2024 20:45,N.Y.C.,61761,29.45,1.27,0,1
3/2/2024 20:45,NORTH,61755,29.17,0.99,0,1
3/2/2024 20:45,WEST,61752,26.1,-2.09,0,1
3/2/2024 21:00,CAPITL,61757,31.15,0.88,0,1
3/2/2024 21:00,CENTRL,61754,29.67,-0.61,0,1
3/2/2024 21:00,DUNWOD,61760,31.73,1.45,0,1
3/2/2024 21:00,GENESE,61753,28.4,-1.88,0,1
3/2/2024 21:00,HUD VL,61758,31.55,1.27,0,1
3/2/2024 21:00,LONGIL,61762,32.53,2.21,-0.05,1
3/2/2024 21:00,MHK VL,61756,31.09,0.82,0,1
3/2/2024 21:00,MILLWD,61759,31.64,1.36,0,1
3/2/2024 21:00,N.Y.C.,61761,31.79,1.51,0,1
3/2/2024 21:00,NORTH,61755,31.39,1.12,0,1
3/2/2024 21:00,WEST,61752,28,-2.27,0,1
3/2/2024 21:15,CAPITL,61757,27.29,0.79,0,1
3/2/2024 21:15,CENTRL,61754,25.89,-0.61,0,1
3/2/2024 21:15,DUNWOD,61760,27.79,1.3,0,1
3/2/2024 21:15,GENESE,61753,24.85,-1.64,0,1
3/2/2024 21:15,HUD VL,61758,27.63,1.14,0,1
3/2/2024 21:15,LONGIL,61762,28.46,1.96,0,1
3/2/2024 21:15,MHK VL,61756,27.16,0.66,0,1
3/2/2024 21:15,MILLWD,61759,27.72,1.22,0,1
3/2/2024 21:15,N.Y.C.,61761,27.85,1.35,0,1
3/2/2024 21:15,NORTH,61755,27.48,0.98,0,1
3/2/2024 21:15,WEST,61752,24.51,-1.99,0,1
3/2/2024 21:30,CAPITL,61757,24.42,0.71,0,1
3/2/2024 21:30,CENTRL,61754,23.16,-0.54,0,1
3/2/2024 21:30,DUNWOD,61760,24.85,1.14,0,1
3/2/2024 21:30,GENESE,61753,22.22,-1.49,0,1
3/2/2024 21:30,HUD VL,61758,24.7,1,0,1
3/2/2024 21:30,LONGIL,61762,27.91,1.71,-2.5,1
3/2/2024 21:30,MHK VL,61756,24.28,0.57,0,1
3/2/2024 21:30,MILLWD,61759,24.78,1.07,0,1
3/2/2024 21:30,N.Y.C.,61761,24.87,1.16,0,1
3/2/2024 21:30,NORTH,61755,24.54,0.83,0,1
3/2/2024 21:30,WEST,61752,21.93,-1.78,0,1
3/2/2024 21:45,CAPITL,61757,23.03,0.65,0,1
3/2/2024 21:45,CENTRL,61754,21.91,-0.47,0,1
3/2/2024 21:45,DUNWOD,61760,23.37,0.98,0,1
3/2/2024 21:45,GENESE,61753,20.95,-1.43,0,1
3/2/2024 21:45,HUD VL,61758,23.25,0.87,0,1
3/2/2024 21:45,LONGIL,61762,23.88,1.5,0,1
3/2/2024 21:45,MHK VL,61756,22.92,0.54,0,1
3/2/2024 21:45,MILLWD,61759,23.3,0.92,0,1
3/2/2024 21:45,N.Y.C.,61761,23.41,1.03,0,1
3/2/2024 21:45,NORTH,61755,23.23,0.85,0,1
3/2/2024 21:45,WEST,61752,20.68,-1.7,0,1
3/2/2024 22:00,CAPITL,61757,24.45,0.67,0,1
3/2/2024 22:00,CENTRL,61754,23.29,-0.5,0,1
3/2/2024 22:00,DUNWOD,61760,24.79,1,0,1
3/2/2024 22:00,GENESE,61753,22.48,-1.31,0,1
3/2/2024 22:00,HUD VL,61758,24.67,0.88,0,1
3/2/2024 22:00,LONGIL,61762,25.26,1.48,0,1
3/2/2024 22:00,MHK VL,61756,24.36,0.57,0,1
3/2/2024 22:00,MILLWD,61759,24.71,0.93,0,1
3/2/2024 22:00,N.Y.C.,61761,24.81,1.02,0,1
3/2/2024 22:00,NORTH,61755,24.76,0.98,0,1
3/2/2024 22:00,WEST,61752,22.34,-1.45,0,1
3/2/2024 22:15,CAPITL,61757,23.45,0.62,0,1
3/2/2024 22:15,CENTRL,61754,22.43,-0.41,0,1
3/2/2024 22:15,DUNWOD,61760,23.73,0.89,0,1
3/2/2024 22:15,GENESE,61753,21.6,-1.23,0,1
3/2/2024 22:15,HUD VL,61758,23.64,0.8,0,1
3/2/2024 22:15,LONGIL,61762,24.16,1.32,0,1
3/2/2024 22:15,MHK VL,61756,23.41,0.57,0,1
3/2/2024 22:15,MILLWD,61759,23.66,0.82,0,1
3/2/2024 22:15,N.Y.C.,61761,23.73,0.89,0,1
3/2/2024 22:15,NORTH,61755,23.77,0.94,0,1
3/2/2024 22:15,WEST,61752,21.51,-1.33,0,1
3/2/2024 22:30,CAPITL,61757,22.51,0.59,0,1
3/2/2024 22:30,CENTRL,61754,21.46,-0.46,0,1
3/2/2024 22:30,DUNWOD,61760,22.77,0.85,0,1
3/2/2024 22:30,GENESE,61753,20.58,-1.34,0,1
3/2/2024 22:30,HUD VL,61758,22.71,0.79,0,1
3/2/2024 22:30,LONGIL,61762,23.17,1.25,0,1
3/2/2024 22:30,MHK VL,61756,22.47,0.55,0,1
3/2/2024 22:30,MILLWD,61759,22.73,0.81,0,1
3/2/2024 22:30,N.Y.C.,61761,22.8,0.88,0,1
3/2/2024 22:30,NORTH,61755,22.82,0.9,0,1
3/2/2024 22:30,WEST,61752,20.43,-1.49,0,1
3/2/2024 22:45,CAPITL,61757,22.51,0.55,0,1
3/2/2024 22:45,CENTRL,61754,21.54,-0.42,0,1
3/2/2024 22:45,DUNWOD,61760,22.8,0.83,0,1
3/2/2024 22:45,GENESE,61753,20.73,-1.23,0,1
3/2/2024 22:45,HUD VL,61758,22.71,0.75,0,1
3/2/2024 22:45,LONGIL,61762,23.21,1.25,0,1
3/2/2024 22:45,MHK VL,61756,22.51,0.55,0,1
3/2/2024 22:45,MILLWD,61759,22.73,0.77,0,1
3/2/2024 22:45,N.Y.C.,61761,22.8,0.83,0,1
3/2/2024 22:45,NORTH,61755,22.84,0.88,0,1
3/2/2024 22:45,WEST,61752,20.6,-1.36,0,1
3/2/2024 23:00,CAPITL,61757,23.23,0.5,0,1
3/2/2024 23:00,CENTRL,61754,22.34,-0.39,0,1
3/2/2024 23:00,DUNWOD,61760,23.45,0.73,0,1
3/2/2024 23:00,GENESE,61753,21.64,-1.09,0,1
3/2/2024 23:00,HUD VL,61758,23.39,0.66,0,1
3/2/2024 23:00,LONGIL,61762,23.93,1.2,0,1
3/2/2024 23:00,MHK VL,61756,23.29,0.57,0,1
3/2/2024 23:00,MILLWD,61759,23.41,0.68,0,1
3/2/2024 23:00,N.Y.C.,61761,23.45,0.73,0,1
3/2/2024 23:00,NORTH,61755,23.7,0.98,0,1
3/2/2024 23:00,WEST,61752,21.57,-1.16,0,1
3/2/2024 23:15,CAPITL,61757,22.76,0.49,0,1
3/2/2024 23:15,CENTRL,61754,21.8,-0.47,0,1
3/2/2024 23:15,DUNWOD,61760,23.03,0.76,0,1
3/2/2024 23:15,GENESE,61753,21.16,-1.11,0,1
3/2/2024 23:15,HUD VL,61758,22.94,0.67,0,1
3/2/2024 23:15,LONGIL,61762,23.45,1.18,0,1
3/2/2024 23:15,MHK VL,61756,22.83,0.56,0,1
3/2/2024 23:15,MILLWD,61759,22.96,0.69,0,1
3/2/2024 23:15,N.Y.C.,61761,23.03,0.76,0,1
3/2/2024 23:15,NORTH,61755,23.23,0.96,0,1
3/2/2024 23:15,WEST,61752,21.05,-1.22,0,1
3/2/2024 23:30,CAPITL,61757,21.99,0.47,0,1
3/2/2024 23:30,CENTRL,61754,21,-0.52,0,1
3/2/2024 23:30,DUNWOD,61760,22.25,0.73,0,1
3/2/2024 23:30,GENESE,61753,20.4,-1.12,0,1
3/2/2024 23:30,HUD VL,61758,22.16,0.64,0,1
3/2/2024 23:30,LONGIL,61762,22.64,1.12,0,1
3/2/2024 23:30,MHK VL,61756,22.03,0.52,0,1
3/2/2024 23:30,MILLWD,61759,22.18,0.67,0,1
3/2/2024 23:30,N.Y.C.,61761,22.25,0.73,0,1
3/2/2024 23:30,NORTH,61755,22.46,0.95,0,1
3/2/2024 23:30,WEST,61752,20.25,-1.27,0,1
3/2/2024 23:45,CAPITL,61757,22.23,0.46,0,1
3/2/2024 23:45,CENTRL,61754,21.38,-0.39,0,1
3/2/2024 23:45,DUNWOD,61760,22.51,0.74,0,1
3/2/2024 23:45,GENESE,61753,20.63,-1.13,0,1
3/2/2024 23:45,HUD VL,61758,22.44,0.68,0,1
3/2/2024 23:45,LONGIL,61762,22.9,1.13,0,1
3/2/2024 23:45,MHK VL,61756,22.31,0.54,0,1
3/2/2024 23:45,MILLWD,61759,22.46,0.7,0,1
3/2/2024 23:45,N.Y.C.,61761,22.51,0.74,0,1
3/2/2024 23:45,NORTH,61755,22.7,0.94,0,1
3/2/2024 23:45,WEST,61752,20.59,-1.18,0,1
3/3/2024 0:00,CAPITL,61757,23.74,0.49,0,1
3/3/2024 0:00,CENTRL,61754,23.02,-0.23,0,1
3/3/2024 0:00,DUNWOD,61760,23.97,0.72,0,1
3/3/2024 0:00,GENESE,61753,22.32,-0.93,0,1
3/3/2024 0:00,HUD VL,61758,23.9,0.65,0,1
3/3/2024 0:00,LONGIL,61762,24.15,0.91,0,1
3/3/2024 0:00,MHK VL,61756,23.88,0.63,0,1
3/3/2024 0:00,MILLWD,61759,23.9,0.65,0,1
3/3/2024 0:00,N.Y.C.,61761,23.92,0.67,0,1
3/3/2024 0:00,NORTH,61755,24.13,0.88,0,1
3/3/2024 0:00,WEST,61752,22.46,-0.79,0,1
